,name,brand,chipset,chipset_gen,ram,ram_max,vga,storage_type,storage,os,screen_size,screen_width,screen_height,screen_revolution,battery,webcam,weight,price,screen_full
0,Laptop Asus TUF Gaming A15 FA507NU-LP131W (Ryzen™ 5-7535HS | 16GB | 1TB | RTX 4050 6GB | 15.6inch FHD 144Hz | Win 11 | Xám),Asus,AMD,Ryzen 5,16.0,32.0,nvidia,SSD,1024,Windows 11,15.6,1920.0,1080.0,FHD,90.0,1,2.2,29490000.0,1920 x 1080
1,Laptop Asus TUF Gaming A15 FA507UV-LP090W (Ryzen™ 9-8945HS | 16GB | 512GB | RTX™ 4060 8GB | 15.6inch FHD 144Hz | Win 11 | Xám),Asus,AMD,Ryzen 9,16.0,32.0,nvidia,SSD,512,Windows 11,15.6,1920.0,1080.0,FHD,90.0,1,2.2,38990000.0,1920 x 1080
2,Laptop Asus TUF Gaming A15 FA506NC-HN011W (Ryzen™ 5-7535HS | 8GB | 512GB | RTX™ 3050 4GB | 15.6inch FHD 144Hz | Win 11 | Đen),Asus,AMD,Ryzen 5,8.0,32.0,nvidia,SSD,512,Windows 11,15.6,1920.0,1080.0,FHD,48.0,1,2.2,21990000.0,1920 x 1080
3,Laptop MSI Katana A15 AI B8VF 419VN (AMD Ryzen 7-8840H | 16GB | 512GB | RTX 4060  | 15.6 inch FHD 144Hz | Win 11 | Đen),MSI,AMD,Ryzen 7,16.0,64.0,nvidia,SSD,512,Windows 11,15.6,1920.0,1080.0,FHD,53.5,1,2.25,30990000.0,1920 x 1080
4,Laptop MSI Thin A15 B7UC 026VN (Ryzen 5-7535HS | 8GB | 512GB | RTX 3050 | 15.6 inch FHD 144Hz | Win 11 | Xám),MSI,AMD,Ryzen 5,8.0,12.0,nvidia,SSD,512,Windows 11,15.6,1920.0,1080.0,FHD,52.4,1,1.86,20990000.0,1920 x 1080
5,"Dell Alienware M18 R1 (Ryzen™ 9-7845HX, Ram 32GB, SSD 1TB, RTX 4080, 18inch FHD+ 480Hz)",Dell,AMD,Ryzen 9,32.0,48.0,nvidia,SSD,1024,Windows 11,18,1920.0,1200.0,FHD,97.0,0,4.04,75990000.0,1920 x 1200
6,Laptop Asus TUF Gaming A15 FA507NV-LP061W (Ryzen™ 7-7735HS | 16GB | 1TB | RTX 4060 8GB | 15.6inch FHD 144Hz | Win 11 | Xám),Asus,AMD,Ryzen 7,16.0,32.0,nvidia,SSD,1024,Windows 11,15.6,1920.0,1080.0,FHD,90.0,1,2.2,32490000.0,1920 x 1080
7,Laptop Asus TUF Gaming A16 Advantage Edition FA617NS-N3486W (Ryzen™ 7-7735HS | 8GB | 512GB | Radeon™ RX 7600S | 16.0inch WUXGA 165Hz | Win 11 | Vàng),Asus,AMD,Ryzen 7,8.0,32.0,amd,SSD,512,Windows 11,16.0,1920.0,1200.0,FHD,90.0,1,2.2,29990000.0,"1920 x 1200, WUXGA"
8,Laptop Acer Nitro 16 Phoenix AN16-41-R3SM NH.QLLSV.003 (Ryzen 7-7840HS | 16GB | 512GB | RTX 4060 8GB | 16 inch WQXGA | Win 11 | Đen),Acer,AMD,Ryzen 7,16.0,32.0,nvidia,SSD,0,Windows 11,16,1920.0,1200.0,WUXGA,90.0,1,2.7,39990000.0,1920 x 1200
9,HP Victus 16-s0077AX 8C5N6PA (Ryzen 7-7840HS | 16GB | 512GB | RTX 3050 4GB | 16.1inch FHD 144Hz | Win11 | Đen),HP,AMD,Ryzen 7,16.0,24.0,nvidia,SSD,512,Windows 11,16.1,1920.0,1080.0,FHD,70.0,1,2.31,31690000.0,1920 x 1080
10,Laptop Acer Nitro 16 Phoenix AN16-41-R60F NH.QLKSV.003 (Ryzen 7-7840HS | 8GB | 512GB | RTX 4050 6GB | 16 inch WUXGA | Win 11 | Đen),Acer,AMD,Ryzen 7,8.0,32.0,nvidia,SSD,512,Windows 11,16,1920.0,1200.0,WUXGA,90.0,1,2.7,35990000.0,1920 x 1200
11,HP Victus 16-s0078AX 8C5N7PA (Ryzen 5-7640HS | 16GB | 512GB | RTX 3050 6GB | 16.1 inch FHD | Win 11 | Đen),HP,AMD,Ryzen 5,16.0,24.0,nvidia,SSD,512,Windows 11,16.1,1920.0,1080.0,FHD,70.0,1,2.31,27390000.0,1920 x 1080
12,Laptop Acer Nitro 16 Phoenix AN16-41-R76E NH.QLLSV.004 (AMD Ryzen 9-7940HS | 16GB | 512GB | RTX 4060 8GB | 16 inch WQXGA 165Hz | Win 11 | Đen),Acer,AMD,Ryzen 9,16.0,32.0,nvidia,SSD,0,Windows 11,16,1920.0,1200.0,WUXGA,90.0,1,2.7,42490000.0,1920 x 1200
13,Laptop Asus ROG Zephyrus Duo 16 GX650PZ-NM031W (Ryzen 9-7945HX | Ram 32GB | 1TB SSD | RTX 4080 12GB | 16inch WQXGA 240Hz | Win 11| Đen),Asus,AMD,Ryzen 9,32.0,48.0,nvidia,SSD,1024,Windows 11,16,2560.0,1600.0,FHD,90.0,1,2.6,112990000.0,2560 x 1600
14,Gigabyte A5 K1-AVN1030SB (Ryzen 5-5600H | 8GB | 512GB | RTX 3060 6GB | 15.6 inch FHD | Win 11 | Đen),Dell,AMD,Ryzen 5,8.0,12.0,nvidia,SSD,512,Windows 11,15.6,1920.0,1080.0,FHD,48.96,1,2.12,25990000.0,1920x1080
15,Máy chơi game Asus ROG Ally,Asus,AMD,Ryzen 1,16.0,24.0,amd,SSD,512,Windows 11,15.6,1920.0,1080.0,FHD,40.0,0,0.608,17990000.0,1920 x 1080
16,Laptop Asus TUF Gaming A15 FA507NV-LP046W (Ryzen™ 7-7735HS | Ram 8GB | 512GB SSD | RTX 4060 8GB | 15.6inch FHD 144Hz | Win 11 | Xám),Asus,AMD,Ryzen 7,8.0,32.0,nvidia,SSD,512,Windows 11,15.6,1920.0,1080.0,FHD,90.0,1,2.2,31490000.0,1920 x 1080
17,Laptop Asus TUF Gaming A15 FA507XI-LP420W (Ryzen™ 9-7940HS | Ram 8GB | 512GB SSD | RTX 4070 8GB | 15.6inch FHD 144Hz | Win 11 | Xám),Asus,AMD,Ryzen 9,8.0,32.0,nvidia,SSD,512,Windows 11,15.6,1920.0,1080.0,FHD,90.0,1,2.2,39990000.0,1920 x 1080
18,Laptop Asus ROG Strix SCAR 17 G733PZ-LL980W (Ryzen™ 9-7945HX | Ram 32GB | 1TB SSD | RTX 4080 12GB | 17.3inch WQHD 240Hz | Win11SL | Đen),Asus,AMD,Ryzen 9,32.0,48.0,nvidia,SSD,1024,Windows 11,17.3,2560.0,1440.0,QHD,90.0,1,3.0,74990000.0,2560 x 1440
19,HP Victus 15-fb1022AX 94F19PA (Ryzen™ 5-7535HS | 16GB | 512GB | RTX 2050 | 15.6inch FHD | Win11 | Mica Silver ),HP,AMD,Ryzen 5,16.0,24.0,nvidia,SSD,512,Windows 11,15.6,1920.0,1080.0,FHD,52.5,1,2.29,25490000.0,1920 x 1080
20,HP Victus 15-fb1023AX 94F20PA (Ryzen™ 5-7535HS | 8GB | 512GB | RTX 2050 | 15.6inch FHD | Win11 | Mica Silver),HP,AMD,Ryzen 5,8.0,12.0,nvidia,SSD,512,Windows 11,15.6,1920.0,1080.0,FHD,52.5,1,2.29,24490000.0,1920 x 1080
21,Laptop MSI Thin A15 B7UCX 020VN (Ryzen 5-7535HS | 8GB | 512GB | RTX 2050 | 15.6 inch FHD | Win 11 | Xám),MSI,AMD,Ryzen 5,8.0,12.0,nvidia,SSD,512,Windows 11,15.6,1920.0,1080.0,FHD,52.4,1,1.86,18990000.0,1920 x 1080
22,Laptop Asus TUF Gaming A15 FA506NF-HN005W (Ryzen™ 5-7535HS | 8GB | 512GB | RTX™ 2050 4GB | 15.6inch FHD 144Hz | Win 11 | Đen),Asus,AMD,Ryzen 5,8.0,32.0,nvidia,SSD,512,Windows 11,15.6,1920.0,1080.0,FHD,48.0,1,2.2,19990000.0,1920 x 1080
23,Laptop Asus TUF Gaming A15 FA507NV-LP110W (Ryzen™ 5-7535HS | 16GB | 512GB | RTX 4060 8GB | 15.6inch FHD 144Hz | Win 11 | Xám),Asus,AMD,Ryzen 5,16.0,32.0,nvidia,SSD,512,Windows 11,15.6,1920.0,1080.0,FHD,90.0,1,2.2,30490000.0,1920 x 1080
24,Laptop MSI Katana A15 AI B8VE 402VN (AMD Ryzen 7-8845HS | 16GB | 512GB | RTX 4050  | 15.6 inch FHD | Win 11 | Đen),MSI,AMD,Ryzen 7,16.0,64.0,nvidia,SSD,512,Windows 11,15.6,1920.0,1080.0,FHD,53.5,1,2.25,28990000.0,1920 x 1080
25,"Laptop MSI Cyborg 15 A12VE 412VN (Core™ i5-12450H | Ram 8GB | 512GB SSD | RTX 4050 6GB | 15.6inch FHD, 144Hz | Win 11 | Đen)",MSI,Intel,i5,8.0,12.0,nvidia,SSD,512,Windows 11,15.6,1920.0,1080.0,FHD,53.5,1,1.98,24990000.0,1920x1080
26,Laptop MSI Thin GF63 12UC 1006VN (Core i5-12450H | 16GB | 512GB | RTX 3050 4GB | 15.6 inch FHD 144Hz | Win 11 | Xám),MSI,Intel,i5,16.0,64.0,nvidia,SSD,0,Windows 11,15.6,1920.0,1080.0,FHD,52.4,1,1.86,19900000.0,1920 x 1080
27,Laptop Asus TUF Gaming F15 FX507VV-LP181W (Core i7-13620H | 32GB | 512GB | RTX 4060 | 15.6 inch FHD | Win 11 | Xám),Asus,Intel,i7,32.0,48.0,nvidia,SSD,512,Windows 11,15.6,1920.0,1080.0,FHD,90.0,1,2.2,36990000.0,1920 x 1080
28,"Laptop Asus ROG Strix G16 G614JV-N4156W (Core™ i7-13650HX | 16GB | 512GB | RTX 4060 8GB | 16inch QHD+, 240Hz | Win 11 | Xám) ",Asus,Intel,i7,16.0,32.0,nvidia,SSD,512,Windows 11,15.6,1920.0,1080.0,QHD,90.0,1,2.5,44990000.0,WQXGA
29,Laptop Asus ROG Zephyrus G16 GU603VU-N4019W (Core™ i7-13620H | 16GB | 512GB | RTX 4050 6GB | 16.0inch QHD+ 240Hz | Win11 | Xám),Asus,Intel,i7,16.0,48.0,nvidia,SSD,512,Windows 11,16.0,2560.0,1600.0,QHD,90.0,1,2.0,44990000.0,"2560 x 1600, WQXGA"
30,"Laptop MSI Cyborg 15 A12UCX 281VN  (Core™ i5-12450H | Ram 8GB | 512GB SSD | RTX 2050 4GB | 15.6inch FHD, 144Hz | Win 11 | Đen)",MSI,Intel,i5,8.0,12.0,nvidia,SSD,512,Windows 11,15.6,1920.0,1080.0,FHD,53.5,1,1.98,21990000.0,1920x1080
31,Laptop Asus TUF Gaming F15 FX507VU-LP198W (Core i7-13620H | 8GB | 512GB | RTX 4050 | 15.6 inch FHD | Win 11 | Xám),Asus,Intel,i7,8.0,12.0,nvidia,SSD,512,Windows 11,15.6,1920.0,1080.0,FHD,90.0,1,2.2,30990000.0,1920 x 1080
32,Laptop Asus ROG Zephyrus G16 GU605MV-QR196WS (Intel® Core™ Ultra 9 185H | 32GB | 1TB | RTX™ 4060 8GB | 16 inch 2.5K 240Hz OLED | Win 11 | Office | Trắng),Asus,Intel,Ultra 9,32.0,48.0,nvidia,SSD,1024,Windows 11,16,2560.0,1600.0,2.5K,90.0,1,1.85,69990000.0,"2560 x 1600, WQXGA"
33,Laptop MSI Cyborg 15 AI A1VEK 053VN (Intel Core Ultra 7 155H | 16GB | 512GB | RTX 4050 | 15.6 inch FHD | Win 11 | Đen),MSI,Intel,Ultra 7,16.0,24.0,nvidia,SSD,0,Windows 11,15.6,1920.0,1080.0,FHD,53.5,1,1.98,30990000.0,1920 x 1080
34,Laptop Asus ROG Zephyrus G16 GU605MV-QR196W (Intel® Core™ Ultra 9 185H | 32GB | 1TB | RTX™ 4060 8GB | 16 inch 2.5K 240Hz OLED | Win 11 | Trắng),Asus,Intel,Ultra 9,32.0,48.0,nvidia,SSD,1024,Windows 11,16,2560.0,1600.0,2.5K,90.0,1,1.85,67990000.0,"2560 x 1600, WQXGA"
35,Laptop Asus TUF Gaming F15 FX507VI-LP088W (Core i7-13620H | 16GB | 512GB | RTX 4070 | 15.6 inch FHD | Win 11 | Xám),Asus,Intel,i7,16.0,24.0,nvidia,SSD,512,Windows 11,15.6,1920.0,1080.0,FHD,90.0,1,2.2,45990000.0,1920 x 1080
36,"Laptop Acer Predator Helios Neo 16 PHN16-71-73RR (Core i7-13700HX, Ram 16GB, 512GB SSD, RTX 4050 6GB, 16inch FHD+ 165Hz, Win 11, Đen)",Acer,Intel,i7,16.0,24.0,nvidia,SSD,512,Windows 11,16,1900.0,1200.0,FHD,90.0,1,2.6,31990000.0,1900x1200
37,Laptop Asus ROG Strix G16 G614JVR-N4141W (Core™ i9 14900HX | 32GB | 512GB | RTX 4060 8GB | 16inch QHD 240Hz | Win 11 | Xám) ,Asus,Intel,i9,32.0,48.0,nvidia,SSD,512,Windows 11,16,2560.0,1600.0,QHD,90.0,1,2.5,52990000.0,"2560 x 1600, WQXGA"
38,Laptop Asus ROG Zephyrus G16 GU605MV-QR135W (Intel® Core™ Ultra 9 185H | 32GB | 1TB | RTX™ 4060 8GB | 16 inch 2.5K 240Hz OLED | Win 11 | Xám),Asus,Intel,Ultra 9,32.0,48.0,nvidia,SSD,1024,Windows 11,16,2560.0,1600.0,2.5K,90.0,1,1.85,67990000.0,"2560 x 1600, WQXGA"
39,Laptop Acer Predator Helios Neo 16 PHN16-72-94KC NH.QNMSV.005 (Intel Core i9-14900HX | 16GB | 1TB | RTX 4070 8GB | 16inch WQXGA | Win 11 | Đen),Acer,Intel,i9,16.0,32.0,nvidia,SSD,1024,Windows 11,16,2560.0,1600.0,FHD,90.0,1,2.8,56990000.0,2560 x 1600
40,Laptop MSI Sword 16 HX B14VEKG 039VN (Intel Core i7-14700HX | 16GB | 1TB | RTX 4050 | 16 inch FHD+ 144Hz | Win 11 | Xám),MSI,Intel,i7,16.0,24.0,nvidia,SSD,1024,Windows 11,16,1920.0,1200.0,FHD,65.0,1,2.3,34990000.0,1920 x 1200
41,Laptop MSI Thin 15 B12UC 1416VN (Core™ i5-12450H | 8GB | 512GB | RTX 3050 | 15.6 inch FHD 144Hz | Win 11 | Xám),MSI,Intel,i5,8.0,12.0,nvidia,SSD,512,Windows 11,15.6,1920.0,1080.0,FHD,52.4,1,1.86,21990000.0,1920 x 1080
42,Laptop Acer Nitro V ANV15-51-58AN NH.QNASV.001 (Core i5-13420H | 8GB | 512GB | RTX 2050 4GB | 15.6 inch FHD 144Hz | Win 11 | Đen),Acer,Intel,i5,8.0,32.0,nvidia,SSD,0,Windows 11,15.6,1920.0,1080.0,FHD,57.5,1,2.1,21490000.0,1920 x 1080
43,Laptop Acer Nitro V ANV15-51-72VS NH.QNASV.004 (Core™ i7-13620H | 16GB | 512GB | RTX 2050 4GB | 15.6 inch FHD 144Hz | Win 11 | Đen),Acer,Intel,i7,16.0,32.0,nvidia,SSD,512,Windows 11,15.6,1920.0,1080.0,FHD,57.5,1,2.1,25990000.0,1920 x 1080
44,Laptop Gaming Acer Aspire 5 A515-58GM-53PZ NX.KQ4SV.008 (Core™ i5-13420H | 8GB | 512GB SSD | RTX 2050 | 15.6 inch FHD  | Win 11 | Xám),Acer,Intel,i5,8.0,32.0,nvidia,SSD,512,Windows 11,15.6,1920.0,1080.0,FHD,50.0,1,1.7,20490000.0,1920 x 1080
45,Laptop Acer Predator Helios Neo PHN16-71-74QR NH.QLVSV.002 (Core i7-13700HX | 16GB | 512GB | RTX 4070 | 16 inch WQXGA 165Hz | Win 11 | Đen),Acer,Intel,i7,16.0,32.0,nvidia,SSD,0,Windows 11,16,2560.0,1600.0,FHD,90.0,1,2.6,49990000.0,2560x1600
46,Laptop Acer Nitro 5 Tiger AN515-58-50EE NH.QFHSV.007 (Core i5-12450H | 8GB | 512GB | RTX 3050 4GB | 15.6 inch FHD | Win 11 | Đen),Acer,Intel,i5,8.0,32.0,nvidia,SSD,512,Windows 11,15.6,1920.0,1080.0,FHD,57.5,1,2.5,24990000.0,1920 x 1080
47,Laptop Asus ROG Strix Scar 18 G834JYR-R6011W (Core i9-14900HX | 64GB | 2TB | RTX 4090 | 18 inch WQXGA 240Hz | Win 11 | Đen),Asus,Intel,i9,64.0,96.0,nvidia,SSD,2048,Windows 11,15.6,2560.0,1600.0,FHD,90.0,1,3.1,130000000.0,2560 x 1600
48,Laptop Asus ROG Strix Scar 16 G634JZR-NM009W (Core i9-14900HX | 64GB | 2TB | RTX 4080 | 16 inch WQXGA 240Hz | Win 11 | Đen),Asus,Intel,i9,64.0,96.0,nvidia,SSD,2048,Windows 11,15.6,2560.0,1600.0,QHD,90.0,1,2.65,110000000.0,"2560 x 1600, WQXGA"
49,Laptop MSI Cyborg 15 A12UCX 618VN  (Core™ i5-12450H | 16GB | 512GB | RTX 2050 4GB | 15.6inch FHD 144Hz | Win 11 | Đen),MSI,Intel,i5,16.0,24.0,nvidia,SSD,512,Windows 11,15.6,1920.0,1080.0,FHD,53.5,1,1.98,19990000.0,1920x1080
50,"Laptop Acer Predator Helios Neo 16-PHN16-71-73LT (Core i7-13700HX, Ram 16GB, 1TB SSD, RTX 4060 8GB, 16inch WQXGA 165Hz)",Acer,Intel,i7,16.0,24.0,nvidia,SSD,1024,Windows 11,16,2560.0,1600.0,FHD,90.0,1,2.6,34990000.0,2560x1600
51,Laptop Asus ROG Strix G18 G814JIR-N6007W (Core i9-14900HX | 32GB | 1TB | RTX 4070 | 18 inch WQXGA 240Hz | Win 11 | Xám),Asus,Intel,i9,32.0,64.0,nvidia,SSD,1024,Windows 11,15.6,1920.0,1080.0,QHD,90.0,1,3.0,70990000.0,WQXGA
52,"Dell Alienware M18 R1 (Core™ i9-13900HX, Ram 32GB, SSD 1TB, RTX 4080, 18inch FHD+ 480Hz)",Dell,Intel,i9,32.0,48.0,nvidia,SSD,1024,Windows 11,18,1920.0,1200.0,FHD,97.0,0,4.04,75890000.0,1920 x 1200
53,Laptop Acer Nitro V ANV15-51-75GS NH.QN8SV.005 (Core i7-13620H | 16GB | 512GB | RTX 4050 6GB | 15.6 inch FHD | Win 11 | Black),Acer,Intel,i7,16.0,32.0,nvidia,SSD,512,Windows 11,15.6,1920.0,1080.0,FHD,57.5,1,2.5,30990000.0,1920 x 1080
54,"Dell Alienware M18 R1 (Core™ i9-13900HX, Ram 32GB, SSD 1TB, RTX 4080, 18inch QHD+ 165Hz)",Dell,Intel,i9,32.0,48.0,nvidia,SSD,1024,Windows 11,18,2560.0,1600.0,QHD,97.0,0,4.04,77990000.0,2560x1600
55,"Dell Alienware M16 R1 (Core i7™-13700HX, Ram 16GB, SSD 512GB, RTX 4060, QHD+ 165Hz)",Dell,Intel,i7,16.0,24.0,nvidia,SSD,512,Windows 11,16,2560.0,1600.0,QHD,86.0,1,3.25,44990000.0,2560 x 1600
56,"Dell Alienware M16 R1 (Core i7™-13700HX, Ram 16GB, SSD 1TB, RTX 4070, QHD+ 165Hz)",Dell,Intel,i7,16.0,24.0,nvidia,SSD,1024,Windows 11,16,2560.0,1600.0,QHD,86.0,1,3.25,49990000.0,2560 x 1600
57,"Dell Alienware M18 R1 (Core™ i9-13980HX, Ram 64GB, SSD 2TB, RTX 4090, 18inch QHD+ 165Hz)",Dell,Intel,i9,64.0,96.0,nvidia,SSD,2048,Windows 11,18,2560.0,1600.0,QHD,97.0,0,4.04,84990000.0,2560x1600
58,"Dell Alienware M18 R1 (Core™ i9-13980HX, Ram 32GB, SSD 1TB, RTX 4090, 18inch QHD+ 165Hz)",Dell,Intel,i9,32.0,48.0,nvidia,SSD,1024,Windows 11,18,2560.0,1600.0,QHD,97.0,0,4.04,80990000.0,2560x1600
59,"Dell Alienware M16 R1 (Core i9™ 13900HX, Ram 64GB, SSD 4TB, RTX 4090, FHD+ 480Hz)",Dell,Intel,i9,64.0,96.0,nvidia,SSD,4096,Windows 11,16,1920.0,1200.0,FHD,86.0,1,3.25,82990000.0,1920 x 1200
60,"Dell Alienware M16 R1 (Core i7™-13700HX, Ram 16GB, SSD 1TB, RTX 4070, QHD+ 240Hz)",Dell,Intel,i7,16.0,24.0,nvidia,SSD,1024,Windows 11,16,2560.0,1600.0,QHD,86.0,1,3.25,50990000.0,2560 x 1600
61,"Dell Alienware M16 R1 (Core i9™ 13900HX, Ram 64GB, SSD 2TB, RTX 4090, QHD+ 240Hz)",Dell,Intel,i9,64.0,96.0,nvidia,SSD,2048,Windows 11,16,2560.0,1600.0,QHD,86.0,1,3.25,83990000.0,2560 x 1600
62,"Dell Alienware X14 R2 (Core™ i5 - 13420H, Ram 16GB, SSD 512GB, RTX™ 3050, FHD+ 165Hz)",Dell,Intel,i5,16.0,24.0,nvidia,SSD,512,Windows 11,14,1920.0,1200.0,FHD,90.0,1,1.91,44990000.0,1920 x 1200
63,"Dell Alienware X14 R2 (Core™ i7- 13620H, Ram 16GB, SSD 512GB, RTX™ 4050, FHD+ 165Hz)",Dell,Intel,i7,16.0,24.0,nvidia,SSD,512,Windows 11,14,1920.0,1090.0,FHD,90.0,1,1.91,52990000.0,1920 x 1090
64,Acer Predator Helios Neo PHN16-71-547E NH.QLUSV.00A (Core i5-13500HX | 16GB | 512GB | 16inch WQXGA | RTX 4060 8GB | Win 11 | Đen),Acer,Intel,i5,16.0,32.0,nvidia,SSD,512,Windows 11,16,2560.0,1600.0,FHD,90.0,1,2.6,40890000.0,2560x1600
65,Dell Mobile Precision Workstation 5680 71023332 (Intel Core i7-13800H | 16GB | 512GB | RTX 2000 | 16 inch FHD+ | Ubuntu),Dell,Intel,i7,16.0,24.0,nvidia,SSD,512,Ubuntu,16,1920.0,1200.0,FHD,100.0,1,2.2,84799000.0,1920x1200
66,Dell Mobile Precision Workstation 3581 71023331 (Intel Core i7-13800H | 16GB | 512GB | RTX A500 4GB | 15.6 inch FHD | Ubuntu),Dell,Intel,i7,16.0,24.0,nvidia,SSD,512,Ubuntu,15.6,1920.0,1080.0,FHD,64.0,1,1.795,44490000.0,1920 x 1080
67,Dell Mobile Precision Workstation 7680 71023334 (Core i7-13850HX | 16GB | 512GB | RTX 2000 Ada 8GB | 16 inch FHD+ | Ubuntu),Dell,Intel,i7,16.0,24.0,nvidia,SSD,512,Ubuntu,16,1920.0,1200.0,FHD,83.0,1,2.67,74990000.0,1920x1200
68,Dell Mobile Precision Workstation 5680 71023333 (Intel Core i7-13800H | 16GB | 512GB | RTX A1000 6GB | 16 inch FHD+ | Ubuntu),Dell,Intel,i7,16.0,24.0,nvidia,SSD,512,Ubuntu,16,1920.0,1200.0,FHD,100.0,1,2.2,78799000.0,1920x1200
69,Dell Mobile Precision Workstation 3480 71024682 (Core i7-1370P | 32GB | 1TB | RTX A500 4GB | 14 inch FHD | Win 11 Pro),Dell,Intel,i7,32.0,48.0,nvidia,SSD,1024,Windows 11,14,1920.0,1080.0,FHD,54.0,1,1.39,49990000.0,1920 x 1080
70,"Acer Predator Helios Neo 2023 PHN16-71-50JG (Core i5-13500HX, Ram 16GB, 512GB SSD, RTX 4050 6GB, 16inch FHD+ 165Hz)",Acer,Intel,i5,16.0,24.0,nvidia,SSD,512,Windows 11,16,1900.0,1200.0,FHD,90.0,1,2.6,25990000.0,1900x1200
71,Dell Mobile Precision Workstation 3581 71024679 (Intel Core i7-13800H | 32GB | 1TB | A1000 6GB | 15.6 inch FHD |  Win 11 Pro),Dell,Intel,i7,32.0,48.0,nvidia,SSD,1024,Windows 11,15.6,1920.0,1080.0,FHD,64.0,1,1.795,56990000.0,1920 x 1080
72,Dell Mobile Precision Workstation 3581 71024677 (Intel Core i7-13800H | 32GB | 1TB | A500 4GB | 15.6 inch FHD |  Win 11 Pro),Dell,Intel,i7,32.0,48.0,nvidia,SSD,1024,Windows 11,15.6,1920.0,1080.0,FHD,64.0,1,1.795,53990000.0,1920 x 1080
73,Dell Mobile Precision Workstation 5680 71024680 (Intel Core i9-13900H | 32GB | 1TB | RTX 2000 | 16 inch FHD+ | Win 11 Pro),Dell,Intel,i9,32.0,48.0,nvidia,SSD,1024,Windows 11,16,1920.0,1200.0,FHD,100.0,1,2.2,99990000.0,1920x1200
74,"Gigabyte G5 KF-E3PH333SH (Core i5-12500H | Ram 8GB | 512GB SSD | RTX 4060 8GB | 15.6inch FHD, 144Hz | Win 11 | Đen)",Dell,Intel,i5,8.0,12.0,nvidia,SSD,512,Windows 11,15.6,1920.0,1080.0,FHD,54.0,1,1.9,28990000.0,1920x1080
75,"Gigabyte G5 MF-F2PH333SH (Core i5-12450H | Ram 8GB | 512GB SSD | RTX 4050 6GB | 15.6inch FHD, 144Hz | Win 11 | Đen)",Dell,Intel,i5,8.0,64.0,nvidia,SSD,512,Windows 11,15.6,1920.0,1080.0,FHD,54.0,1,1.9,22590000.0,1920x1080
76,"Laptop Asus ROG Strix G18 (Core™ i9-13980HX, Ram 16GB , 1TB SSD, RTX 4080 12GB, 18inch QHD+240Hz, Win 11, Xám) ",Asus,Intel,i9,16.0,24.0,nvidia,SSD,1024,Windows 11,15.6,1920.0,1080.0,QHD,90.0,1,3.3,69990000.0,WQXGA
77,"Laptop Asus TUF Dash F15 (Core™ i7-12650H, Ram 16GB, 512GB SSD, RTX 3070 8GB, 15.6inch FHD)",Asus,Intel,i7,16.0,24.0,nvidia,SSD,512,Windows 11,15.6,1920.0,1080.0,FHD,76.0,1,2.0,31990000.0,1920 x 1080
78,HP Victus 15-fa1091TX 8C5M8PA (Core™i5-13420H | 8GB | 512GB | RTX 2050 | 15.6inch FHD | Win11 | Đen),HP,Intel,i5,8.0,12.0,nvidia,SSD,512,Windows 11,15.6,1920.0,1080.0,FHD,52.5,1,2.2,25990000.0,1920 x 1080
79,HP Victus 15-fa1090TX 8C5M7PA (Core™i5-13420H | 16GB | 512GB | RTX 2050 | 15.6inch FHD | Win11 | Đen),HP,Intel,i5,16.0,24.0,nvidia,SSD,512,Windows 11,15.6,1920.0,1080.0,FHD,52.5,1,2.2,26990000.0,1920 x 1080
80,Laptop Acer Predator Helios Neo PHN16-71-53M7 NH.QLUSV.005 (Core i5-13500HX | 16GB | 512GB | 16 inch WUXGA | RTX 4060 8GB | Win 11 | Đen),Acer,Intel,i5,16.0,32.0,nvidia,SSD,512,Windows 11,16,2560.0,1600.0,FHD,90.0,1,2.6,37990000.0,2560x1600
81,Gigabyte G6 KF-H3VN853SH (Core i7-13620H | 16GB | 512GB | RTX 4060 8GB | 16inch FHD+ 165Hz | Win 11 | Đen),Dell,Intel,i7,16.0,64.0,nvidia,SSD,512,Windows 11,16.0,1920.0,1200.0,FHD,54.0,1,2.3,29900000.0,1920x1200
82,Laptop MSI Thin GF63 12UC 887VN (Core (i7-12650H | 8GB | 512GB | RTX 3050 4GB | 15.6 inch FHD 144Hz | Win 11 | Đen),MSI,Intel,i7,8.0,64.0,nvidia,SSD,512,Windows 11,15.6,1920.0,1080.0,FHD,52.4,1,1.86,22990000.0,1920 x 1080
83,Laptop Asus TUF Gaming F15 FX507VV-LP157W (Core i7-13620H | 16GB | 512GB | RTX 4060 | 15.6 inch FHD | Win 11 | Xám),Asus,Intel,i7,16.0,24.0,nvidia,SSD,512,Windows 11,15.6,1920.0,1080.0,FHD,90.0,1,2.2,34990000.0,1920 x 1080
84,HP Victus 15-fa1086TX 8C5M3PA (Core™ i5-13500H | 16GB | 1TB | RTX 4050 | 15.6inch FHD | Win11 | Đen),HP,Intel,i5,16.0,24.0,nvidia,SSD,1024,Windows 11,15.6,1920.0,1080.0,FHD,70.0,1,2.29,31390000.0,1920 x 1080
85,HP Victus 15-fa1088TX 8C5M5PA (Core™ i5-13500H | 16GB | 512GB | RTX 4050 | 15.6inch FHD | Win11 | Đen),HP,Intel,i5,16.0,24.0,nvidia,SSD,512,Windows 11,15.6,1920.0,1080.0,FHD,70.0,1,2.29,29990000.0,1920 x 1080
86,Laptop MSI Thin GF63 12UCX 841VN (Core i5-12450H | 8GB | 512GB | RTX 2050 4GB | 15.6 inch FHD 144Hz | Win 11 | Đen),MSI,Intel,i5,8.0,64.0,nvidia,SSD,512,Windows 11,15.6,1920.0,1080.0,FHD,52.4,1,1.86,17990000.0,1920 x 1080
87,HP OMEN 16-wf0129TX 8W943PA (Core i9-13900HX | 32GB | 1TB | RTX 4070 | 16.1 inch QHD 240Hz | Win 11 | Đen),HP,Intel,i9,32.0,48.0,nvidia,SSD,1024,Windows 11,16.1,2560.0,1440.0,QHD,83.0,1,2.3,69990000.0,2560 x 1440
88,Gigabyte AERO 14 OLED 9MF-E2VNBB4SH (Core™ i5-12500H | 16GB | 1TB | RTX 4050 6GB | 14 inch QHD+ OLED 90Hz | Win 11 | Bạc),Dell,Intel,i5,16.0,24.0,nvidia,SSD,1024,Windows 11,14.0,2880.0,1800.0,2.8K,63.0,1,1.49,34990000.0,2880x1800
89,HP OMEN 16-wf0130TX 8W944PA (Core i7-13700HX | 32GB | 1TB | RTX 4070 | 16.1 inch QHD 240Hz | Win 11 | Đen),HP,Intel,i7,32.0,48.0,nvidia,SSD,1024,Windows 11,16.1,2560.0,1440.0,QHD,83.0,1,2.3,58990000.0,2560 x 1440
90,Laptop HP VICTUS 16-r0129TX 8C5N4PA (Core i7-13700H | 16GB | 512GB | RTX 3050 4GB | 16.1inch FHD 144Hz | Win11 | Đen),HP,Intel,i7,16.0,24.0,nvidia,SSD,512,Windows 11,16.1,1920.0,1080.0,FHD,70.0,1,2.31,32690000.0,1920 x 1080
91,Laptop HP VICTUS 15-fa1085TX 8C5M2PA (Core i7-13700H | 16GB | 512GB | RTX 4050 6GB | 15.6 inch FHD | Win 11 | Mica Silver),HP,Intel,i7,16.0,24.0,nvidia,SSD,512,Windows 11,15.6,1920.0,1080.0,FHD,70.0,1,2.29,33990000.0,1920 x 1080
92,"Gigabyte G5 MF-F2VN313SH (Core i5-12450H | Ram 16GB | 512GB SSD | RTX 4050 6GB | 15.6inch FHD, 144Hz | Win 11 | Đen)",Dell,Intel,i5,16.0,64.0,nvidia,SSD,512,Windows 11,15.6,1920.0,1080.0,FHD,54.0,1,1.9,26990000.0,1920x1080
93,"Gigabyte G5 MF-F2VN333SH (Core i5-12450H | Ram 8GB | 512GB SSD | RTX 4050 6GB | 15.6inch FHD, 144Hz | Win 11 | Đen)",Dell,Intel,i5,8.0,64.0,nvidia,SSD,512,Windows 11,15.6,1920.0,1080.0,FHD,54.0,1,1.9,26290000.0,1920x1080
94,HP VICTUS 16-r0127TX 8C5N2PA (Core i7-13700H | 16GB | 512GB | RTX 4060 8GB | 16.1inch FHD 144Hz | Win11 | Đen),HP,Intel,i7,16.0,24.0,nvidia,SSD,512,Windows 11,16.1,1920.0,1080.0,FHD,70.0,1,2.31,38390000.0,1920 x 1080
95,Dell Mobile Precision 5470 (Core i7-12800H | 32GB | 512GB | RTX A1000 | 14 inch QHD+ Touch| Win 10 | Gray),Dell,Intel,i7,32.0,48.0,nvidia,SSD,512,Windows 10,14,2560.0,1600.0,QHD,72.0,1,1.48,51990000.0,2560 x 1600
96,Dell Mobile Precision 3571 (Core™ i7-12800H | 16GB | 512GB | RTX A1000 | 15.6 inch FHD | Ubuntu Linux | Silver),Dell,Intel,i7,16.0,24.0,nvidia,SSD,512,Ubuntu,15.6,1920.0,1080.0,FHD,97.0,1,1.78,44990000.0,1920 x 1080
97,Laptop Acer Nitro 5 AN515-58-50D2 NH.QHYSV.005 (Intel Core i5-12500H | 16GB | 512GB | RTX 3060 6GB | 15.6 inch FHD 165Hz | Win 11 | Đen),Acer,Intel,i5,16.0,32.0,nvidia,SSD,0,Windows 11,15.6,1920.0,1080.0,FHD,57.5,1,2.5,35990000.0,1920 x 1080
98,Laptop MSI Thin GF63 12VE 460VN (Core i5-12450H | 8GB | 512GB | RTX 4050 6GB | 15.6 inch FHD | Win 11 | Đen),MSI,Intel,i5,8.0,64.0,nvidia,SSD,512,Windows 11,15.6,1920.0,1080.0,FHD,51.0,1,1.86,22490000.0,1920 x 1080
99,"Dell Mobile Precision 7670 (Core i7-12850HX | 32GB | 512GB | RTX A3000 | 16 inch UHD+, Touch | Win 10 | Silver)",Dell,Intel,i7,32.0,48.0,nvidia,SSD,512,Windows 10,15.6,3840.0,2400.0,FHD,83.0,1,2.67,61990000.0,3840 x 2400
100,Dell Mobile Precision 7770 (Core i7-12850HX | 32GB | 1TB | RTX A3000 | 17.3 inch FHD | Win 10 | Xám),Dell,Intel,i7,32.0,48.0,nvidia,SSD,1024,Windows 10,15.6,1920.0,1080.0,FHD,93.0,1,3.01,67990000.0,1920 x 1080
101,Dell Mobile Precision 5470 (Core i7-12800H | 32GB | 512GB | RTX A1000 | 14 inch FHD+ | Win 10 | Gray),Dell,Intel,i7,32.0,48.0,nvidia,SSD,512,Windows 10,14,1920.0,1200.0,FHD,72.0,1,1.48,48990000.0,1920 x 1200
102,Dell Mobile Precision 3571 (Core™ i7-12800H | 32GB | 512GB | RTX A1000 | 15.6 inch UHD | Win 11 | Silver),Dell,Intel,i7,32.0,48.0,nvidia,SSD,512,Windows 11,15.6,3840.0,2160.0,FHD,97.0,1,1.78,38990000.0,3840 x 2160
103,Dell Mobile Precision 7670 (Core i7-12850HX | 64GB | 512GB |RTX 3080 | 16 inch FHD+ | Win 11 | Silver),Dell,Intel,i7,64.0,96.0,nvidia,SSD,512,Windows 11,15.6,1920.0,1200.0,FHD,83.0,1,2.67,83990000.0,1920 x 1200
104,Dell Mobile Precision 7770 (Core i9-12950HX | 64GB | 2TB | RTX A5500 | 17.3 inch FHD | Win 11 | Silver),Dell,Intel,i9,64.0,96.0,nvidia,SSD,2048,Windows 11,15.6,1920.0,1080.0,FHD,93.0,1,3.01,126990000.0,1920 x 1080
105,"Laptop MSI Katana 15 B13VEK 252VN (Core™ i7-13620H | Ram 8GB | 512GB SSD | RTX 4050 6GB | 15.6inch FHD, 144Hz | Win 11 | Đen)",MSI,Intel,i7,8.0,12.0,nvidia,SSD,512,Windows 11,15.6,1920.0,1080.0,FHD,53.5,1,2.25,27990000.0,1920 x 1080
106,Laptop Asus ROG Zephyrus M16 GU604VI-NM779W (Intel® Core™ i9-13900H | 32GB | 1TB | RTX 4070 8GB | 16 inch QHD+ | Win 11 | Đen),Asus,Intel,i9,32.0,64.0,nvidia,SSD,1024,Windows 11,16,2560.0,1600.0,QHD,90.0,1,2.1,77990000.0,"2560 x 1600, WQXGA"
107,Laptop Asus ROG Flow Z13 GZ301VU-MU301W (Core™ i9-13900H | 16GB | 1TB | RTX™ 4050 6GB | 13.4inch QHD+ | Cảm ứng | Bút cảm ứng | Win 11 | Black),Asus,Intel,i9,16.0,24.0,nvidia,SSD,1024,Windows 11,13.4,2560.0,1600.0,FHD,56.0,1,1.18,57990000.0,2560 x 1600
108,Gigabyte AORUS 15 BKF-73VN754SH (Core i7-13700H | 16GB | 1TB | RTX 4060 6GB | 15.6 inch QHD 165 Hz | Win 11 | Đen),Dell,Intel,i7,16.0,24.0,nvidia,SSD,1024,Windows 11,15.6,2560.0,1440.0,QHD,99.0,1,2.25,45990000.0,2560x1440
109,"Laptop MSI Katana 15 B13VFK 676VN (Core™ i7-13620H | 16GB | 1TB | RTX 4060 | 15.6inch FHD, 144Hz | Win 11 | Đen)",MSI,Intel,i7,16.0,24.0,nvidia,SSD,1024,Windows 11,15.6,1920.0,1080.0,FHD,53.5,1,2.25,31990000.0,1920 x 1080
110,"Laptop MSI Cyborg 15 A12VE 240VN (Core™ i7-12650H | Ram 8GB | 512GB SSD | RTX 4050 6GB | 15.6inch FHD, 144Hz | Win 11 | Đen)",MSI,Intel,i7,8.0,12.0,nvidia,SSD,512,Windows 11,15.6,1920.0,1080.0,FHD,53.5,1,1.98,25490000.0,1920x1080
111,"Laptop Asus ROG Strix SCAR 18 G834JY-N6039W (Core™ i9-13980HX | Ram 64GB | 2TB SSD | RTX™ 4090 16GB | 18inch QHD+, 240Hz | Win 11 | Đen) ",Asus,Intel,i9,64.0,96.0,nvidia,SSD,2048,Windows 11,15.6,1920.0,1080.0,QHD,90.0,1,3.1,117990000.0,WQXGA
112,Gigabyte G5 KE-52VN263SH (Core i5-12500H | 8GB | 512GB | RTX 3060 6GB | 15.6 inch FHD 144Hz | Win 11 | Đen),Dell,Intel,i5,8.0,12.0,nvidia,SSD,512,Windows 11,15.6,1920.0,1080.0,FHD,54.0,1,1.99,27990000.0,1920x1080
113,"Laptop Asus ROG Strix SCAR 16 G634JZ-N4029W (Core™ i9-13980HX | Ram 32GB | 1TB SSD | RTX™ 4080 12GB | 16inch QHD+, 240Hz | Win 11 | Đen) ",Asus,Intel,i9,32.0,48.0,nvidia,SSD,1024,Windows 11,15.6,1920.0,1080.0,QHD,90.0,1,2.5,86990000.0,WQXGA
114,"Laptop Asus ROG Strix G16 G614JU-N3777W (Core™ i7-13650HX | Ram 16GB | 512GB SSD | RTX 4050 6GB | 16inch FHD+, 165Hz | Win 11 | Xám) ",Asus,Intel,i7,16.0,24.0,nvidia,SSD,512,Windows 11,15.6,1920.0,1080.0,FHD,90.0,1,2.5,43990000.0,WUXGA
115,"Laptop Asus ROG Strix G16 G614JU-N3135W (Core™ i5-13450HX | Ram 8GB | 512GB SSD | RTX 4050 6GB | 16inch FHD+, 165Hz | Win 11 | Xám) ",Asus,Intel,i5,8.0,12.0,nvidia,SSD,512,Windows 11,15.6,1920.0,1080.0,FHD,90.0,1,2.5,37990000.0,WUXGA
116,"Laptop Asus ROG Strix G18 G814JI-N6063W (Core™ i9-13980HX | Ram 32GB | 1TB SSD | RTX 4070 8GB | 18inch QHD+, 240Hz | Win 11 | Xám) ",Asus,Intel,i9,32.0,48.0,nvidia,SSD,1024,Windows 11,15.6,1920.0,1080.0,QHD,90.0,1,3.3,70990000.0,WQXGA
117,Laptop Asus TUF Gaming F15 FX507VV4-LP382W (Core™ i9-13900H | Ram 16GB | 512GB SSD | RTX 4060 8GB | 15.6inch FHD | Win 11 | Đen),Asus,Intel,i9,16.0,24.0,nvidia,SSD,512,Windows 11,15.6,1920.0,1080.0,FHD,90.0,1,2.2,36990000.0,1920 x 1080
118,Laptop Asus ROG Flow X16 GV601VV-NL016W (Core™ i9-13900H | Ram 16GB | 1TB SSD | RTX 4060 8GB | 16.0inch QHD+ 240Hz | Cảm ứng | Đi kèm bút | W11SL | Đen) ,Asus,Intel,i9,16.0,24.0,nvidia,SSD,1024,Windows 11,16.0,2560.0,1600.0,QHD,90.0,1,2.2,62990000.0,"2560 x 1600, WQXGA"
119,Dell Mobile Precision 5570 (Core i7-12800H | 32GB | 512GB | RTX A1000 | 15.6 inch FHD+ | Win 11 | Gray),Dell,Intel,i7,32.0,48.0,nvidia,SSD,512,Windows 11,15.6,1920.0,1200.0,FHD,56.0,1,1.84,44990000.0,1920 x 1200
120,"Asus ROG Zephyrus G16 GU603VU-N3898W (Core™ i7-13620H | Ram 16GB | 512GB SSD | RTX 4050 6GB | 16.0inch FHD+, 165Hz | Win11SL | Xám)",Asus,Intel,i7,16.0,48.0,nvidia,SSD,512,Windows 11,16.0,1920.0,1200.0,FHD,90.0,1,2.0,44990000.0,"1920 x 1200, WUXGA"
121,Dell Mobile Precision 5570 (Core i9-12900H | 32GB | 512GB | RTX A2000 | 15.6 inch FHD+ | Win 11 | Gray),Dell,Intel,i9,32.0,48.0,nvidia,SSD,512,Windows 11,15.6,1920.0,1200.0,FHD,86.0,1,1.84,54990000.0,1920 x 1200
122,Dell Mobile Precision 5570 (Core i7-12800H | 32GB | 1TB | RTX A2000 | 15.6 inch FHD+ | Win 11 | Gray),Dell,Intel,i7,32.0,48.0,nvidia,SSD,1024,Windows 11,15.6,1920.0,1200.0,FHD,86.0,1,1.84,48990000.0,1920 x 1200
123,Gigabyte AORUS 17 XE5-73VN534GH,Dell,Intel,i7,16.0,24.0,nvidia,SSD,1024,Windows 11,15.6,1920.0,1080.0,FHD,99.0,1,2.7,51390000.0,1920x1080
124,Gigabyte AORUS 15 XE4-73VNB14GH (Core i7-12700H | 16GB | 512GB | RTX 3070Ti 8GB | 15.6inch QHD 165Hz | Win 11 | Đen),Dell,Intel,i7,16.0,24.0,nvidia,SSD,512,Windows 11,15.6,2560.0,1440.0,QHD,99.0,1,2.4,52990000.0,2560x1440
125,Laptop Acer Nitro 5 AN515-58-52SP NH.QFHSV.001 (Core™ i5-12500H | 8GB | 512GB | RTX™ 3050 4GB | 15.6 inch FHD | Win 11 | Đen),Acer,Intel,i5,8.0,32.0,nvidia,SSD,0,Windows 11,15.6,1920.0,1080.0,FHD,57.5,1,2.5,27990000.0,1920 x 1080
126,Dell Mobile Precision 5570 (Core i7-12800H | 16GB | 256GB | RTX™ A2000 | 15.6 inch UHD+ | Ubuntu Linux),Dell,Intel,i7,16.0,24.0,nvidia,SSD,256,Ubuntu,15.6,3840.0,2400.0,FHD,86.0,1,1.84,72990000.0,3840 x 2400
127,Dell Mobile Precision 3571 (Core™ i7-12700H | 16GB | 512GB | RTX™ T600 | 15.6 inch FHD | Ubuntu Linux),Dell,Intel,i7,16.0,24.0,nvidia,SSD,512,Ubuntu,15.6,1920.0,1080.0,FHD,97.0,1,1.78,46990000.0,1920 x 1080
128,Dell Mobile Precision 3571 (Core™ i7-12800H | 16GB | 512GB | RTX™ T600 | 15.6 inch FHD | Ubuntu Linux),Dell,Intel,i7,16.0,24.0,nvidia,SSD,512,Ubuntu,15.6,1920.0,1080.0,FHD,97.0,1,1.78,46990000.0,1920 x 1080
129,Gigabyte G5 GE-51VN263SH (Core i5-12500H | 8GB | 512GB | RTX 3050 4GB | 15.6 inch FHD 144Hz | Win 11 | Đen),Dell,Intel,i5,8.0,12.0,nvidia,SSD,512,Windows 11,15.6,1920.0,1080.0,FHD,54.0,1,1.9,25590000.0,1920x1080
130,Gigabyte G5 ME-51VN263SH (Core i5-12500H | 8GB | 512GB | RTX 3050 Ti 4GB | 15.6 inch FHD 144Hz | Win 11 | Đen),Dell,Intel,i5,8.0,12.0,nvidia,SSD,512,Windows 11,15.6,1920.0,1080.0,FHD,54.0,1,1.9,27090000.0,1920x1080
131,Gigabyte G7 KE-52VN263SH (Core i5-12500H | 8GB | 512GB | RTX 3060 6GB | 17.3 inch FHD | Win 11 | Đen),Dell,Intel,i5,8.0,12.0,nvidia,SSD,512,Windows 11,17.3,1920.0,1080.0,FHD,54.0,1,2.49,28990000.0,1920x1080
132,Gigabyte AORUS 5 SE4-73VN313SH (Core i7-12700H | 16GB | 512GB | RTX 3070 | 15.6inch FHD 240Hz | Win 11 | Đen),Dell,Intel,i7,16.0,24.0,nvidia,SSD,512,Windows 11,15.6,1920.0,1080.0,FHD,99.0,1,2.3,45990000.0,1920 x 1080
133,Gigabyte G5 GE-51VN213SH (Core i5-12500H | 16GB | 512GB | RTX 3050 4GB | 15.6 inch FHD | Win 11 | Đen),Dell,Intel,i5,16.0,64.0,nvidia,SSD,512,Windows 11,15.6,1920.0,1080.0,FHD,48.96,1,2.0,26390000.0,1920x1080
134,Dell Mobile Precision 5570 (Core i9-12900H | 64GB | 512GB | RTX A2000 | 15.6 inch FHD+ | Win 11 | Gray),Dell,Intel,i9,64.0,96.0,nvidia,SSD,512,Windows 11,15.6,1920.0,1200.0,FHD,56.0,1,1.84,58990000.0,1920 x 1200
135,Dell Mobile Precision 7670 (Core i7-12850HX | 16GB | 512GB | RTX A2000 | 16 inch FHD+ | Win 11 | Silver),Dell,Intel,i7,16.0,24.0,nvidia,SSD,512,Windows 11,15.6,1920.0,1200.0,FHD,83.0,1,2.67,46990000.0,1920 x 1200
136,Dell Mobile Precision 5570 (Core i9-12900H | 32GB | 1TB | RTX A2000 | 15.6 inch UHD+ | Win 11 | Gray),Dell,Intel,i9,32.0,48.0,nvidia,SSD,1024,Windows 11,15.6,3840.0,2400.0,FHD,86.0,1,1.84,62990000.0,3840 x 2400
137,"Gigabyte G5 KF-E3VN313SH (Core i5-12500H | Ram 16GB | 512GB SSD | RTX 4060 8GB | 15.6inch FHD, 144Hz | Win 11 | Đen)",Dell,Intel,i5,16.0,24.0,nvidia,SSD,512,Windows 11,15.6,1920.0,1080.0,FHD,54.0,1,1.9,25990000.0,1920x1080
138,Dell Mobile Precision 7670 (Core i7-12850HX | 32GB | 512GB | RTX A3000 | 16 inch FHD+ | Win 11 | Silver),Dell,Intel,i7,32.0,48.0,nvidia,SSD,512,Windows 11,15.6,1920.0,1200.0,FHD,85.0,1,2.67,56990000.0,1920 x 1200
139,"Gigabyte G5 MF-E2VN333SH (Core i5-12500H | Ram 8GB | 512GB SSD | RTX 4050 6GB | 15.6inch FHD, 144Hz | Win 11 | Đen)",Dell,Intel,i5,8.0,12.0,nvidia,SSD,512,Windows 11,15.6,1920.0,1080.0,FHD,54.0,1,1.9,23690000.0,1920x1080
140,Gigabyte AORUS 15 9MF-E2VN583SH (Core i5-12500H | 8GB | 512GB | RTX 4050 6GB | 15.6 inch FHD 360Hz | Win 11 | Đen),Dell,Intel,i5,8.0,12.0,nvidia,SSD,512,Windows 11,15.6,1980.0,1080.0,FHD,99.0,1,2.25,37990000.0,1980 x 1080
141,"Gigabyte G5 KF-E3VN333SH (Core i5-12500H | Ram 8GB | 512GB SSD | RTX 4060 8GB | 15.6inch FHD, 144Hz | Win 11 | Đen)",Dell,Intel,i5,8.0,12.0,nvidia,SSD,512,Windows 11,15.6,1920.0,1080.0,FHD,54.0,1,1.9,28990000.0,1920x1080
142,Gigabyte AORUS 17 BKF-73VN254SH (Core i7-13700H | 16GB | 1TB | RTX 4060 8GB | 17.3 inch FHD 144Hz | Win 11 | Đen),Dell,Intel,i7,16.0,24.0,nvidia,SSD,1024,Windows 11,17.3,1920.0,1080.0,FHD,99.0,1,2.8,38990000.0,1920x1080
143,Dell Mobile Precision 7670 (Core i7-12850HX | 32GB | 512GB | RTX A2000 | 16 inch FHD+ | Win 10 | Silver),Dell,Intel,i7,32.0,48.0,nvidia,SSD,512,Windows 10,15.6,1920.0,1200.0,FHD,83.0,1,2.67,49990000.0,1920 x 1200
144,"HP Victus 15-FA1093DX 2023 (Core i5-13420H, Ram 8GB, 512GB SSD, RTX 3050 6GB, 15.6inch FHD 144Hz, Xanh)",HP,Intel,i5,8.0,12.0,nvidia,SSD,512,Windows 11,15.6,1920.0,1080.0,FHD,70.0,1,2.29,22990000.0,1920 x 1080
145,Gigabyte AORUS 17 XE4-73VN514GH (Core i7-12700H | 16GB | 1TB | RTX 3070Ti | 17.3inch FHD 360Hz | Win 11 | Đen),Dell,Intel,i7,16.0,24.0,nvidia,SSD,1024,Windows 11,17.3,1920.0,1080.0,FHD,99.0,1,2.7,58990000.0,1920 x 1080
146,Gigabyte AORUS 5 KE4-72VN314SH (Core i7-12700H | 16GB | 512GB | RTX 3060 | 15.6inch FHD 240Hz | Win 11 | Đen),Dell,Intel,i7,16.0,24.0,nvidia,SSD,512,Windows 11,15.6,1920.0,1080.0,FHD,99.0,1,2.3,45990000.0,1920x1080
147,"Laptop MSI Katana 15 B13VGK 1211VN (Core™ i7-13620H | 16GB | 1TB | RTX 4070 | 15.6inch FHD, 144Hz | Win 11 | Đen)",MSI,Intel,i7,16.0,24.0,nvidia,SSD,1024,Windows 11,15.6,1920.0,1080.0,FHD,53.5,1,2.25,41990000.0,1920 x 1080
148,Laptop Asus TUF Gaming F15 FX507ZC4-HN074W (Core i5-12500H | 8GB | 512GB | RTX 3050 4GB | 15.6inch FHD | Win 11 | Xám),Asus,Intel,i5,8.0,32.0,nvidia,SSD,512,Windows 11,15.6,1920.0,1080.0,FHD,56.0,1,2.2,23990000.0,1920 x 1080
149,Laptop Acer Nitro 17 Phoenix AN17-51-50B9 NH.QK5SV.001 (Core i5-13500H | 8GB | 512GB | RTX 4050 6GB | 17.3 inch FHD | Win 11 | Đen),Acer,Intel,i5,8.0,32.0,nvidia,SSD,512,Windows 11,17.3,1920.0,1080.0,FHD,90.0,1,3.0,35490000.0,1920 x 1080
150,"Dell Alienware M16 R1 (Core™ i9-13900HX, Ram 64GB, SSD 2TB, RTX™ 4090, 16inch FHD+ 480Hz)",Dell,Intel,i9,64.0,96.0,nvidia,SSD,2048,Windows 11,16,1920.0,1200.0,FHD,86.0,1,3.25,79990000.0,1920 x 1200
151,HP VICTUS 15-fa1087TX 8C5M4PA (Core i7-13620H | 16GB | 512GB | RTX 3050 6GB | 15.6 inch FHD | Win 11 | Mica Silver),HP,Intel,i7,16.0,24.0,nvidia,SSD,512,Windows 11,15.6,1920.0,1080.0,FHD,70.0,1,2.29,32290000.0,1920 x 1080
152,HP VICTUS 15-fa1089TX 8C5M6PA (Core i7-13620H | 8GB | 512GB | RTX 3050 6GB | 15.6 inch FHD | Win 11 | Mica Silver),HP,Intel,i7,8.0,12.0,nvidia,SSD,512,Windows 11,15.6,1920.0,1080.0,FHD,70.0,1,2.29,31290000.0,1920 x 1080
153,Gigabyte G5 MF5-H2VN353SH (Core i7-13620H | 16GB | 512GB | RTX 4050 6GB | 15.6inch FHD 144Hz | Win 11 | Đen),Dell,Intel,i7,16.0,64.0,nvidia,SSD,512,Windows 11,15.6,1920.0,1080.0,FHD,54.0,1,2.08,27990000.0,1920x1080
154,Gigabyte G5 MF5-52VN353SH (Core i5-13500H | 16GB | 512GB | RTX 4050 6GB | 15.6inch FHD 144Hz | Win 11 | Đen),Dell,Intel,i5,16.0,64.0,nvidia,SSD,512,Windows 11,15.6,1920.0,1080.0,FHD,54.0,1,2.08,25990000.0,1920x1080
155,Laptop Asus TUF Gaming F15 FX507ZV4-LP042W (Core™ i7-12700H | Ram 16GB | 512GB SSD | RTX 4060 8GB | 15.6inch FHD | Win 11 | Đen),Asus,Intel,i7,16.0,24.0,nvidia,SSD,512,Windows 11,15.6,1920.0,1080.0,FHD,90.0,1,2.2,33490000.0,1920 x 1080
156,Dell Mobile Precision Workstation 7680 71024681 (Core i7-13850HX | 32GB | 1TB | RTX 2000 Ada 8GB | 16 inch FHD+ | Win 11 Pro),Dell,Intel,i7,32.0,64.0,nvidia,SSD,1024,Windows 11,16,1920.0,1200.0,FHD,83.0,1,2.67,80990000.0,1920x1200
157,Dell Mobile Precision Workstation 7680 71024676 (Core i9-13950HX  | 32GB | 1TB | RTX 2000 Ada 8GB | 16 inch FHD+ | Win 11 Pro),Dell,Intel,i9,32.0,64.0,nvidia,SSD,1024,Windows 11,16,1920.0,1200.0,FHD,83.0,1,2.67,87990000.0,1920x1200
158,Laptop Asus TUF Gaming F15 FX506HF-HN078W (Core™ i5-11260H | Ram 16GB | 512GB SSD | RTX 2050 | 15.6inch FHD 144Hz | Win 11 | Đen,Asus,Intel,i5,16.0,32.0,nvidia,SSD,512,Windows 11,15.6,1920.0,1080.0,FHD,48.0,1,2.3,20990000.0,1920x1080
159,"Dell Alienware X14 R2 (Core™ i7- 13620H, Ram 32GB, SSD 2TB, RTX™ 4060, QHD+ 165Hz)",Dell,Intel,i7,32.0,48.0,nvidia,SSD,2048,Windows 11,14,2560.0,1600.0,QHD,90.0,1,1.91,55990000.0,2560 x 1600
160,Laptop Acer Nitro V ANV15-51-55CA NH.QN8SV.004 (Core i5-13420H | 16GB | 512GB | RTX 4050 6GB | 15.6 inch FHD | Win 11 | Đen),Acer,Intel,i5,16.0,32.0,nvidia,SSD,512,Windows 11,15.6,1920.0,1080.0,FHD,57.5,1,2.5,27990000.0,1920 x 1080
161,"Dell Alienware X16 R1 (Core™ i9-13900HK, Ram 32GB, SSD 512GB, RTX™ 4080, QHD+ 165Hz)",Dell,Intel,i9,32.0,48.0,nvidia,SSD,512,Windows 11,16,2560.0,1600.0,QHD,90.0,1,2.57,75990000.0,2560 x 1600
162,"Dell Alienware X16 R1 (Core™ i7-13700H, Ram 16GB, SSD 1TB, RTX™ 4060, QHD+ 165Hz)",Dell,Intel,i7,16.0,24.0,nvidia,SSD,1024,Windows 11,16,2560.0,1600.0,QHD,90.0,1,2.57,49990000.0,2560 x 1600
163,"Dell Alienware X16 R1 (Core™ i9 13900HK, Ram 32GB, SSD 2TB, RTX™ 4080, QHD+ 165Hz)",Dell,Intel,i9,32.0,48.0,nvidia,SSD,2048,Windows 11,16,2560.0,1600.0,QHD,90.0,1,2.57,80990000.0,2560 x 1600
164,"Dell Alienware X16 R1 (Core™ i9 13900HK, Ram 32GB, SSD 2TB, RTX™ 4090, QHD+ 165Hz)",Dell,Intel,i9,32.0,48.0,nvidia,SSD,2048,Windows 11,16,2560.0,1600.0,QHD,90.0,1,2.57,88990000.0,2560 x 1600
165,"Dell Alienware X16 R1 (Core™ i9 13900HK, Ram 32GB, SSD 1TB, RTX™ 4080, QHD+ 165Hz)",Dell,Intel,i9,32.0,48.0,nvidia,SSD,1024,Windows 11,16,2560.0,1600.0,QHD,90.0,1,2.57,77990000.0,2560 x 1600
166,Laptop MSI Thin 15 B12UCX 1419VN (Core™ i5-12450H | 8GB | 512GB | RTX 2050 | 15.6 inch FHD 144Hz | Win 11 | Xám),MSI,Intel,i5,8.0,12.0,nvidia,SSD,512,Windows 11,15.6,1920.0,1080.0,FHD,52.4,1,1.86,17990000.0,1920 x 1080
167,Laptop Acer Predator Helios Neo 16 PHN16-72-71UM NH.QNMSV.002 (Intel Core i7-14700HX | 16GB | 1TB | RTX 4070 8GB | 16 inch WQXGA | Win 11 | Đen),Acer,Intel,i7,16.0,32.0,nvidia,SSD,1024,Windows 11,16,2560.0,1600.0,FHD,90.0,1,2.8,51990000.0,2560 x 1600
168,Laptop MSI Thin 15 B13UC 1411VN (Core™ i7-13620H | 8GB | 512GB | RTX 3050 | 15.6 inch FHD 144Hz | Win 11 | Xám),MSI,Intel,i7,8.0,12.0,nvidia,SSD,512,Windows 11,15.6,1920.0,1080.0,FHD,52.4,1,1.86,21990000.0,1920 x 1080
169,Laptop Asus TUF Gaming F15 FX507VU-LP197W (Core i7-13620H | 32GB | 512GB | RTX 4050 | 15.6 inch FHD | Win 11 | Xám),Asus,Intel,i7,32.0,48.0,nvidia,SSD,512,Windows 11,15.6,1920.0,1080.0,FHD,90.0,1,2.2,33990000.0,1920 x 1080
170,Laptop Asus ROG Zephyrus G16 GU605MI-QR116W (Intel® Core™ Ultra 9 185H | 32GB | 1TB | RTX™ 4070 8GB | 16 inch 2.5K 240Hz OLED | Win 11 | Xám),Asus,Intel,Ultra 9,32.0,48.0,nvidia,SSD,1024,Windows 11,16,2560.0,1600.0,2.5K,90.0,1,1.85,79990000.0,"2560 x 1600, WQXGA"
