os,ram,vga,battery,weight,price,webcam,chipset,chipset_gen,screen_size,screen_width,screen_height,screen_revolution,storage_type,storage,brand,ram_max
Win,8,intel,41,0.56,18999000,0,Intel,i3,10.5,1280,1920,FHD,SSD,128,Microsoft,16
Win,8,intel,41,0.56,21499000,0,Intel,i3,10.5,1280,1920,FHD,SSD,128,Microsoft,16
Win,16,amd,40,0.61,17490000,1,AMD,Ryzen 1,15.6,1920,1080,FHD,SSD,512,Asus,24
Win,8,intel,50,0.8,13990000,1,Intel,i3,13.3,1920,1080,FHD,SSD,256,Asus,12
Win,16,intel,64,0.89,30190000,1,Intel,i7,14,1920,1200,WUXGA,SSD,1024,Dell,24
Win,16,intel,65,0.9,28390000,1,Intel,i5,13.3,1920,1080,FHD,SSD,512,Dell,24
Win,16,intel,65,0.9,26490000,1,Intel,i7,13.3,1920,1080,FHD,SSD,1024,Dell,24
Win,16,intel,65,0.9,33390000,1,Intel,i7,13.3,1920,1080,FHD,SSD,512,Dell,24
Win,16,intel,48,0.91,16890000,1,Intel,i5,13,2160,1350,2K,SSD,512,Lenovo,24
Win,16,intel,48,0.91,17990000,1,Intel,i5,13,2160,1350,2K,SSD,512,Lenovo,24
Win,16,intel,48,0.91,19990000,1,Intel,i7,13,2160,1350,2K,SSD,512,Lenovo,24
Win,16,intel,48,0.91,20990000,1,Intel,i7,13,2160,1350,2K,SSD,512,Lenovo,24
Win,16,intel,48,0.91,20990000,1,Intel,i7,13,2160,1350,2K,SSD,512,Lenovo,24
Win,16,intel,48,0.91,19490000,1,Intel,i5,13,2160,1350,2K,SSD,512,Lenovo,24
Win,16,intel,55,0.97,49890000,1,Intel,i7,13,2160,1350,2K,SSD,512,Lenovo,24
Win,16,intel,60,0.99,33990000,1,Intel,i5,15.6,1920,1080,FHD,SSD,512,LG,24
Win,16,intel,68,0.99,49390000,1,Intel,i7,13.5,1920,1280,WUXGA,SSD,1024,HP,24
Win,16,intel,68,0.99,48990000,1,Intel,i7,13.5,1920,1280,WUXGA,SSD,1024,HP,24
No OS,8,intel,72,1,20490000,1,Intel,i5,14,1920,1200,WUXGA,SSD,256,LG,12
Win,16,intel,72,1,30490000,1,Intel,i5,14,2880,1800,FHD,SSD,512,LG,24
Win,16,intel,72,1,25490000,1,Intel,i5,14,1920,1200,WUXGA,SSD,256,LG,24
Win,16,intel,72,1,31490000,1,Intel,i7,14,1920,1200,WUXGA,SSD,512,LG,24
No OS,8,intel,72,1,20490000,1,Intel,i5,14,1920,1200,WUXGA,SSD,256,LG,12
Win,16,intel,63,1,32990000,1,Intel,i7,13.3,2880,1800,2.8K,SSD,512,Asus,24
Win,32,intel,63,1,37990000,1,Intel,i7,13.3,2880,1800,2.8K,SSD,1024,Asus,48
Win,16,intel,63,1,32999000,0,Intel,i7,14,1920,1080,FHD,SSD,512,Asus,32
Win,31,intel,63,1,37999000,0,Intel,i7,14,1920,1080,FHD,SSD,1024,Asus,62
Win,8,intel,66,1.01,16490000,1,Intel,i5,14,1920,1080,FHD,SSD,512,Asus,12
Win,4,intel,38,1.05,4990000,1,Intel,i7,15.6,1366,768,FHD,SSD,128,Asus,6
Win,16,nvidia,61,1.1,31999000,1,AMD,Ryzen 7,14,2880,1800,FHD,SSD,1024,Lenovo,16
Win,16,intel,75,1.1,26999000,1,Intel,i7,14,2880,1800,FHD,SSD,512,Asus,16
Win,16,intel,41,1.12,35990000,1,Intel,i7,13.3,1920,1200,WUXGA,SSD,512,Lenovo,24
Win,16,intel,57,1.12,46990000,1,Intel,i5,14,2880,1800,2.8K,SSD,1024,Lenovo,24
Win,16,intel,57,1.12,48990000,1,Intel,i5,14,1920,1200,WUXGA,SSD,512,Lenovo,24
Win,16,intel,57,1.12,49690000,1,Intel,i7,14,2880,1800,2.8K,SSD,1024,Lenovo,24
Win,16,intel,57,1.12,43990000,1,Intel,i7,14,1920,1200,WUXGA,SSD,512,Lenovo,24
Win,16,intel,90,1.12,47290000,1,Intel,i7,14,2240,1400,2.2K,SSD,512,Lenovo,24
Win,16,intel,60,1.13,22690000,1,Intel,i7,14,1920,1080,FHD,SSD,512,Dell,24
Win,16,intel,60,1.13,18990000,1,Intel,i5,14,1920,1080,FHD,SSD,512,Dell,24
Win,16,intel,66,1.13,16990000,1,Intel,i7,13.3,1920,1080,FHD,SSD,512,Asus,24
No OS,16,intel,41,1.14,27690000,1,Intel,i5,13.3,1920,1200,WUXGA,SSD,512,Lenovo,24
No OS,32,intel,41,1.14,33990000,1,Intel,i7,13.3,1920,1200,WUXGA,SSD,512,Lenovo,48
Win,16,intel,41,1.15,17999000,1,Intel,i5,13.3,1920,1080,FHD,SSD,256,Dell,16
Ubuntu,16,intel,57,1.15,38690000,1,Intel,i5,13.3,1920,1200,FHD,SSD,512,Dell,24
Fedora,16,intel,57,1.15,37890000,1,Intel,i7,13.3,1920,1200,FHD,SSD,512,Dell,24
Win,4,intel,54,1.16,9490000,1,Intel,i3,13.3,1920,1080,FHD,SSD,128,Dell,6
Win,8,nvidia,47,1.17,13999000,1,AMD,Ryzen 5,14,1920,1080,FHD,SSD,512,Lenovo,8
Win,8,nvidia,47,1.17,13999000,1,AMD,Ryzen 5,14,1920,1080,FHD,SSD,512,Lenovo,8
Win,16,intel,54,1.17,30990000,1,Intel,i5,13.4,1920,1200,FHD,SSD,512,Dell,24
Win,16,intel,54,1.17,35490000,1,Intel,i7,13.4,1920,1200,FHD,SSD,512,Dell,24
Win,8,intel,54,1.17,24990000,1,Intel,i5,13.4,1920,1200,FHD,SSD,512,Dell,12
Win,16,intel,54,1.17,35490000,1,Intel,i7,13.4,1920,1200,FHD,SSD,512,Dell,24
Win,32,intel,50,1.18,31990000,1,Intel,i7,13.3,2560,1600,QHD,SSD,512,Dell,48
Win,16,nvidia,56,1.18,52490000,1,Intel,i9,13.4,2560,1600,FHD,SSD,1024,Asus,24
Win,16,nvidia,56,1.18,42990000,1,Intel,i9,13.4,1920,1200,WUXGA,SSD,1024,Asus,24
Win,8,nvidia,56,1.18,52999000,1,Intel,i9,15.6,2560,1600,QHD,SSD,1024,Asus,16
Win,16,amd,48,1.19,14990000,1,AMD,Ryzen 5,14,1920,1080,FHD,SSD,512,Acer,24
Win,16,intel,56,1.19,16699000,1,Intel,i5,14,1920,1080,FHD,SSD,512,Acer,32
Win,16,intel,56,1.19,16699000,1,Intel,i5,15.6,1920,1080,FHD,SSD,512,Acer,32
No OS,16,intel,80,1.2,34290000,1,Intel,i5,16,2560,1600,FHD,SSD,512,LG,24
Win,16,intel,80,1.2,37990000,1,Intel,i7,16,2560,1600,FHD,SSD,512,LG,24
Win,16,intel,80,1.2,22990000,1,Intel,i5,16,2560,1600,FHD,SSD,256,LG,24
No OS,8,intel,80,1.2,18990000,1,Intel,i5,16,2560,1600,FHD,SSD,256,LG,12
No OS,32,intel,41,1.2,36790000,1,Intel,i7,13.3,1920,1200,WUXGA,SSD,512,Lenovo,48
Win,16,amd,41,1.2,15999000,1,AMD,Ryzen 5,14,1920,1080,FHD,SSD,512,Acer,32
Win,16,intel,50,1.2,18690000,1,AMD,Ryzen 5,14,1920,1080,FHD,SSD,1024,Acer,24
Win,16,amd,50,1.2,18999000,1,AMD,Ryzen 5,14,1920,1080,FHD,SSD,1024,Acer,16
Win,16,intel,56,1.2,26499000,1,Intel,i7,14,2560,1440,QHD,SSD,1024,Acer,16
Win,16,intel,56,1.2,18499000,1,Intel,i5,14,2560,1440,QHD,SSD,512,Acer,32
Win,16,intel,56,1.2,18499000,1,Intel,i5,14,2560,1440,QHD,SSD,512,Acer,32
Win,16,intel,65,1.2,27990000,1,Intel,i7,14,2880,1800,2.8K,SSD,512,Acer,24
Win,16,intel,65,1.2,23990000,1,Intel,i5,14,2880,1800,2.8K,SSD,512,Acer,24
Win,8,intel,66,1.2,20999000,1,Intel,i5,13.3,1920,1080,FHD,SSD,512,Asus,16
Win,32,intel,86,1.2,32990000,1,Intel,i7,14,2560,1600,QHD,SSD,512,Dell,48
Win,16,intel,51,1.21,45990000,1,Intel,i7,14,1920,1200,WUXGA,SSD,1024,HP,24
Win,16,intel,51,1.21,41990000,1,Intel,i7,13.3,1920,1200,WUXGA,SSD,512,HP,24
Win,16,intel,51,1.21,44990000,1,Intel,i7,14,1920,1200,WUXGA,SSD,512,HP,24
Win,16,intel,41,1.22,24990000,1,Intel,i5,14,1920,1080,FHD,SSD,256,Dell,24
Dos,16,intel,46,1.22,32999000,1,Intel,i7,13.3,1920,1200,WUXGA,SSD,512,Lenovo,16
Win,8,amd,50,1.22,14699000,1,AMD,Ryzen 5,14,2880,1800,FHD,SSD,512,Asus,24
Win,8,amd,50,1.22,14699000,1,AMD,Ryzen 5,14,2880,1800,FHD,SSD,512,Asus,24
,8,intel,54,1.22,21990000,1,Intel,i5,13.3,1920,1080,FHD,SSD,256,Dell,12
Win,16,intel,55,1.23,49999000,1,Intel,i5,13.4,3456,2160,FHD,SSD,512,Dell,32
Win,16,intel,52,1.24,37890000,1,Intel,i7,13.4,1920,1200,FHD,SSD,512,Dell,24
Mac OS,8,intel,56.6,1.24,26799000,1,Apple, M2,13.6,2560,1664,FHD,SSD,256,Apple,16
Mac OS,8,intel,56.6,1.24,26799000,1,Apple, M2,13.6,2560,1664,FHD,SSD,256,Apple,16
Mac OS,8,intel,56.6,1.24,26799000,1,Apple, M2,13.6,2560,1664,FHD,SSD,256,Apple,16
Mac OS,8,intel,56.6,1.24,26799000,1,Apple, M2,13.6,2560,1664,FHD,SSD,256,Apple,16
Win,32,intel,41,1.25,39990000,1,Intel,i7,13.3,1920,1200,WUXGA,SSD,1024,Lenovo,48
Win,16,intel,56,1.25,18390000,1,Intel,i5,14,2560,1440,QHD,SSD,512,Acer,24
Win,16,intel,57,1.25,31490000,1,Intel,i5,14,2240,1400,2.2K,SSD,512,Lenovo,24
No OS,16,intel,57,1.25,32890000,1,Intel,i7,14,2240,1400,2.2K,SSD,512,Lenovo,24
Win,16,intel,57,1.25,35690000,1,Intel,i7,14,2240,1400,2.2K,SSD,512,Lenovo,24
No OS,16,intel,57,1.25,28990000,1,Intel,i5,14,2240,1400,2.2K,SSD,512,Lenovo,24
Win,16,intel,58,1.25,31990000,1,Intel,i7,14,1920,1080,FHD,SSD,512,Dell,24
Win,16,intel,58,1.25,25990000,1,Intel,i7,14,1920,1080,FHD,SSD,256,Dell,24
Win,16,intel,58,1.25,29990000,1,Intel,i7,14,1920,1080,FHD,SSD,512,Dell,24
Win,16,intel,58,1.25,26990000,1,Intel,i7,14,1920,1080,FHD,SSD,512,Dell,24
Win,16,intel,58,1.25,22990000,1,Intel,i7,14,1920,1080,FHD,SSD,512,Dell,24
Win,16,intel,58,1.25,26590000,1,Intel,i7,14,1920,1080,FHD,SSD,256,Dell,24
Win,16,intel,72,1.25,31490000,1,Intel,i5,14,1920,1200,WUXGA,SSD,512,LG,24
Win,16,intel,80,1.25,34990000,1,Intel,i5,16,3200,2000,QHD,SSD,512,LG,24
Dos,8,intel,45,1.26,20199000,1,Intel,i5,13.3,1920,1080,FHD,SSD,512,Dell,32
No OS,8,intel,46,1.26,18690000,1,Intel,i5,13.3,1920,1200,WUXGA,SSD,512,Lenovo,12
No OS,16,intel,46,1.26,19490000,1,Intel,i5,13.3,1920,1200,WUXGA,SSD,512,Lenovo,24
Dos,16,intel,46,1.26,21999000,1,Intel,i7,13.3,1920,1200,WUXGA,SSD,512,Lenovo,16
Dos,16,intel,46,1.26,21999000,1,Intel,i7,13.3,1920,1200,WUXGA,SSD,512,Lenovo,16
Win,16,intel,55,1.26,57590000,1,Intel,i7,13.4,3456,2160,3.5K,SSD,512,Dell,24
Win,32,intel,55,1.26,45990000,1,Intel,i7,13.4,3456,2160,3.5K,SSD,1024,Dell,48
Win,16,intel,55,1.26,57990000,1,Intel,i7,13.4,3456,2160,3.5K,SSD,512,Dell,24
Win,32,intel,55,1.26,59990000,1,Intel,i7,13.4,3456,2160,3.5K,SSD,1024,Dell,48
Win,16,intel,55,1.26,50490000,1,Intel,i5,13.4,3456,2160,3.5K,SSD,512,Dell,24
Win,16,intel,55,1.26,38890000,1,Intel,i7,13.4,3456,2160,3.5K,SSD,512,Dell,24
Win,8,amd,56,1.26,16990000,1,AMD,Ryzen 7,13.3,1920,1200,WUXGA,SSD,512,Lenovo,12
Win,4,intel,45,1.26,17999000,1,Intel,i5,14,1920,1080,FHD,SSD,256,Dell,8
Win,16,intel,75,1.27,28999000,1,Intel,i7,14,2880,1800,FHD,SSD,512,Asus,16
Win,16,intel,75,1.27,25599000,1,Intel,i5,14,2880,1800,FHD,SSD,512,Asus,16
Win,16,amd,41,1.28,20890000,1,AMD,Ryzen 5,13.3,2560,1600,FHD,SSD,512,Lenovo,24
Win,8,intel,41,1.28,21499000,1,Intel,i7,13.3,1920,1080,FHD,SSD,512,HP,16
Win,8,intel,41,1.28,19599000,1,Intel,i5,13.3,1920,1080,FHD,SSD,512,HP,16
Win,8,intel,42,1.28,17990000,1,Intel,i5,13.3,1920,1080,FHD,SSD,256,HP,12
Win,8,intel,42,1.28,19990000,1,Intel,i7,13.3,1920,1080,FHD,SSD,512,HP,12
Win,16,intel,42,1.28,25990000,1,Intel,i7,13.3,1920,1080,FHD,SSD,512,HP,24
Win,8,intel,51,1.28,35990000,1,Intel,i7,13.3,1920,1200,WUXGA,SSD,512,HP,12
Win,16,intel,40,1.29,55490000,1,Intel,i7,14,1920,1200,FHD,SSD,512,Dell,24
No OS,8,intel,41,1.29,20490000,1,Intel,i5,13.3,1920,1200,WUXGA,SSD,512,Lenovo,12
Win,8,intel,47,1.29,20499000,1,Intel,i5,13.3,1920,1200,WUXGA,SSD,512,Lenovo,8
Mac OS,8,intel,49.9,1.29,19099000,1,Apple, M1,13.3,2560,1600,FHD,SSD,256,Dell,16
Mac OS,8,intel,49.9,1.29,19099000,1,Apple, M1,13.3,2560,1600,FHD,SSD,256,Dell,8
Mac OS,16,intel,49.9,1.29,31009000,1,Apple, M1,13.3,2560,1600,FHD,SSD,256,Dell,16
Mac OS,16,intel,49.9,1.29,36859000,1,Apple, M1,13.3,2560,1600,FHD,SSD,512,Dell,16
Mac OS,16,intel,90,1.29,34990000,1,Intel,i7,14,2880,1800,3K,SSD,512,Dell,24
Mac OS,16,intel,90,1.29,34990000,1,Intel,i7,14,2880,1800,3K,SSD,512,Dell,24
Win,16,nvidia,90,1.3,38990000,1,Intel,i7,16,2560,1600,FHD,SSD,512,LG,24
Win,8,intel,42,1.3,8499000,0,AMD,Ryzen 3,14,1920,1080,FHD,SSD,256,Asus,16
Win,16,intel,55,1.3,51690000,1,Intel,i7,13,2160,1350,2K,SSD,512,Lenovo,24
Win,16,intel,56,1.3,52690000,1,Intel,i7,13,2160,1350,2K,SSD,1024,Lenovo,24
Win,16,nvidia,75,1.3,43990000,1,AMD,Ryzen 9,13.4,2560,1600,QHD,SSD,1024,Asus,24
Win,16,nvidia,96,1.3,27999000,1,AMD,Ryzen 5,16,3840,2400,4K,SSD,512,Asus,16
Win,16,intel,51,1.31,43990000,1,Intel,i7,14,1920,1080,FHD,SSD,512,HP,24
Win,8,intel,63,1.31,14990000,1,Intel,i5,14,1920,1080,FHD,SSD,256,Dell,12
Win,16,intel,51,1.32,27999000,1,Intel,i7,13.3,2560,1440,QHD,SSD,512,HP,16
Win,16,intel,51,1.32,23499000,1,Intel,i5,13.3,1920,1080,FHD,SSD,512,HP,16
No OS,16,intel,55,1.32,30690000,1,Intel,i7,14,2240,1400,2.2K,SSD,512,Lenovo,24
No OS,32,intel,55,1.32,35690000,1,Intel,i7,14,2240,1400,2.2K,SSD,512,Lenovo,48
Win,32,intel,55,1.32,37990000,1,Intel,i7,14,2240,1400,2.2K,SSD,512,Lenovo,48
No OS,16,intel,56,1.32,27690000,1,Intel,i5,14,1920,1200,WUXGA,SSD,512,Lenovo,24
No OS,16,intel,56,1.32,26990000,1,Intel,i5,14,2240,1400,2.2K,SSD,512,Lenovo,24
Win,16,intel,60,1.32,36990000,1,Intel,i7,14,2240,1400,2.2K,SSD,512,Lenovo,24
Win,32,intel,60,1.32,33490000,1,Intel,i5,14,2240,1400,2.2K,SSD,512,Lenovo,48
No OS,32,intel,60,1.32,28490000,1,Intel,i5,14,2240,1400,2.2K,SSD,512,Lenovo,48
Ubuntu,16,intel,54,1.33,38790000,1,Intel,i7,14,1920,1200,FHD,SSD,512,Dell,24
Ubuntu,8,intel,57,1.33,30190000,1,Intel,i5,14,1920,1200,FHD,SSD,256,Dell,12
Win,16,intel,66,1.33,27690000,1,Intel,i7,13.3,2880,1800,2.8K,SSD,512,HP,24
Win,8,intel,38,1.34,5499000,1,Intel,i5,13.3,2160,1440,FHD,SSD,256,Chuwi,16
No OS,16,nvidia,50,1.34,38990000,1,Intel,i7,14,2240,1400,2.2K,SSD,512,Lenovo,24
Win,16,nvidia,50,1.34,41690000,1,Intel,i7,14,2240,1400,2.2K,SSD,512,Lenovo,24
No OS,16,nvidia,50,1.34,33390000,1,Intel,i5,14,2240,1400,2.2K,SSD,512,Lenovo,24
Win,32,nvidia,55,1.34,46190000,1,Intel,i7,14,2880,1800,2.8K,SSD,1024,Lenovo,48
No OS,32,nvidia,60,1.34,41990000,1,Intel,i7,14,2240,1400,2.2K,SSD,1024,Lenovo,48
Win,8,intel,66,1.34,21690000,1,Intel,i5,13.3,2880,1800,2.8K,SSD,512,HP,12
Win,16,intel,66,1.34,23490000,1,Intel,i5,13.3,2880,1800,2.8K,SSD,512,HP,24
Win,8,intel,66,1.34,21490000,1,Intel,i5,13.3,2880,1800,2.8K,SSD,512,HP,12
Win,8,intel,66,1.34,21490000,1,Intel,i5,13.3,2880,1800,2.8K,SSD,512,HP,12
Win,8,intel,66,1.34,25990000,1,Intel,i7,13.3,2880,1800,2.8K,SSD,512,HP,12
Win,8,intel,42,1.35,12199000,1,Intel,i3,14,1920,1080,FHD,SSD,256,Asus,8
Win,8,intel,51,1.35,30990000,1,Intel,i7,14,1920,1200,WUXGA,SSD,512,HP,12
Win,8,intel,51,1.35,34690000,1,Intel,i7,14,1920,1200,WUXGA,SSD,512,HP,12
Win,16,intel,65,1.35,22990000,1,Intel,i7,14,1920,1200,WUXGA,SSD,512,Lenovo,24
Win,16,intel,65,1.35,22990000,1,Intel,i7,14,1920,1200,WUXGA,SSD,512,Lenovo,24
Win,16,intel,65,1.35,23999000,1,Intel,i7,14,1920,1200,WUXGA,SSD,512,Lenovo,16
Win,16,intel,80,1.35,25990000,1,Intel,i7,17,2560,1600,FHD,SSD,512,LG,24
Win,16,intel,80,1.35,39990000,1,Intel,i7,17,2560,1600,FHD,SSD,1024,LG,24
No OS,16,intel,80,1.35,34490000,1,Intel,i7,17,2560,1600,FHD,SSD,256,LG,24
Win,16,intel,80,1.35,25990000,1,Intel,i7,17,2560,1600,FHD,SSD,512,LG,24
Win,16,intel,80,1.35,26990000,1,Intel,i7,17,2560,1600,FHD,SSD,1024,LG,24
No OS,16,intel,80,1.35,18990000,1,Intel,i5,17,2560,1600,FHD,SSD,256,LG,24
Ubuntu,8,intel,41,1.36,25490000,1,Intel,i7,14,1920,1080,FHD,SSD,512,Dell,12
Ubuntu,8,intel,41,1.36,20390000,1,Intel,i5,14,1920,1080,FHD,SSD,256,Dell,12
Mac OS,8,intel,41,1.36,21590000,1,Intel,i5,14,1920,1080,FHD,SSD,256,Dell,12
Win,16,intel,51,1.36,30990000,1,Intel,i5,14,1920,1200,WUXGA,SSD,512,HP,24
Win,16,intel,51,1.36,37990000,1,Intel,i7,14,1920,1200,WUXGA,SSD,512,HP,24
Win,16,intel,51,1.36,39990000,1,Intel,i7,14,1920,1200,WUXGA,SSD,512,HP,24
Win,16,intel,51,1.36,31990000,1,Intel,i5,14,1920,1200,WUXGA,SSD,512,HP,24
Win,16,intel,51,1.36,36990000,1,Intel,i7,14,1920,1200,WUXGA,SSD,512,HP,24
Win,16,intel,51,1.36,35290000,1,Intel,i7,14,1920,1200,WUXGA,SSD,512,HP,24
No OS,16,intel,54,1.36,28690000,1,Intel,i5,14,1920,1080,FHD,SSD,256,Dell,24
Ubuntu,16,intel,54,1.36,30190000,1,Intel,i7,14,1920,1080,FHD,SSD,512,Dell,24
Ubuntu,16,intel,54,1.36,28390000,1,Intel,i5,14,1920,1080,FHD,SSD,512,Dell,24
Win,8,intel,54,1.36,31990000,1,Intel,i5,14,1920,1080,FHD,SSD,512,Dell,12
Fedora,8,intel,54,1.36,21790000,1,Intel,i5,14,1920,1080,FHD,SSD,256,Dell,12
Fedora,16,intel,54,1.36,28990000,1,Intel,i7,14,1920,1080,FHD,SSD,512,Dell,24
Win,32,intel,55,1.36,40490000,1,Intel,i7,14,2880,1800,2.8K,SSD,1024,Lenovo,48
No OS,16,intel,57,1.36,20499000,1,Intel,i5,14,1920,1080,FHD,SSD,512,Lenovo,16
Win,16,intel,66,1.36,48690000,1,Intel,i7,13.5,3000,2000,3K,SSD,1024,HP,24
Win,16,intel,66,1.36,36990000,1,Intel,i7,13.5,3000,2000,3K,SSD,1024,HP,24
Win,16,intel,86,1.36,37890000,1,Intel,i7,13.5,1920,1280,WUXGA,SSD,512,HP,24
Ubuntu,8,intel,41,1.37,20599000,1,Intel,i5,14,1920,1080,FHD,SSD,256,Dell,32
Win,16,intel,42,1.37,24390000,1,Intel,i7,14,1920,1080,FHD,SSD,512,HP,24
Win,16,intel,47,1.37,13499000,1,Intel,i5,14,1920,1080,FHD,SSD,512,Lenovo,16
Win,16,nvidia,47,1.37,13499000,1,Intel,i5,14,1920,1080,FHD,SSD,512,Lenovo,16
Win,8,intel,51,1.37,19990000,1,Intel,i5,14,1920,1080,FHD,SSD,512,HP,12
Win,16,intel,51,1.37,26690000,1,Intel,i7,14,1920,1080,FHD,SSD,512,HP,24
Win,16,intel,51,1.37,24690000,1,Intel,i7,14,1920,1080,FHD,SSD,512,HP,24
Win,16,intel,51,1.37,22690000,1,Intel,i5,14,1920,1080,FHD,SSD,512,HP,24
Win,8,intel,51,1.37,21690000,1,Intel,i7,14,1920,1080,FHD,SSD,512,HP,12
Win,16,intel,51,1.37,20890000,1,Intel,i5,14,1920,1080,FHD,SSD,512,HP,24
Win,8,intel,51,1.37,19990000,1,Intel,i5,14,1920,1080,FHD,SSD,512,HP,12
Win,8,intel,51,1.37,21690000,1,Intel,i5,14,1920,1080,FHD,SSD,512,HP,12
Win,16,amd,60,1.37,20790000,1,AMD,Ryzen 7,15,1920,1080,FHD,SSD,512,Dell,24
Win,8,intel,60,1.37,18999000,1,Intel,i5,14,1920,1080,FHD,SSD,512,Dell,16
Win,16,intel,66,1.37,36890000,1,Intel,i7,13.5,3000,2000,3K,SSD,1024,HP,24
Win,16,intel,41,1.38,25999000,1,Intel,i7,14,1920,1080,FHD,SSD,512,HP,32
Win,16,intel,41,1.38,24999000,1,Intel,i7,14,1920,1080,FHD,SSD,512,HP,32
Win,16,intel,41,1.38,20499000,1,Intel,i5,14,1920,1080,FHD,SSD,512,HP,32
Win,8,intel,41,1.38,19999000,1,Intel,i5,14,1920,1080,FHD,SSD,512,HP,32
Win,8,intel,41,1.38,9299000,1,Intel,,6,1920,1080,FHD,SSD,512,HP,32
Win,8,intel,41.04,1.38,18999000,1,Intel,i5,14,1920,1080,FHD,SSD,512,HP,16
Win,16,amd,42,1.38,12790000,1,AMD,Ryzen 5,14,1920,1080,FHD,SSD,512,Asus,24
Win,16,amd,42,1.38,12790000,1,AMD,Ryzen 5,14,1920,1080,FHD,SSD,512,Asus,24
Win,8,amd,42,1.38,7990000,1,AMD,Ryzen 3,14,1920,1080,FHD,SSD,256,Asus,12
Win,16,amd,42,1.38,12999000,1,AMD,Ryzen 5,14,1920,1080,FHD,SSD,512,Asus,16
Win,8,intel,44.5,1.38,16869000,1,Intel,i5,14,1920,1080,FHD,SSD,512,Dell,8
Win,16,intel,45,1.38,18990000,1,Intel,i5,14,1920,1200,WUXGA,SSD,512,Lenovo,24
No OS,16,intel,45,1.38,18590000,1,Intel,i5,14,1920,1200,WUXGA,SSD,512,Lenovo,24
Win,16,amd,56.5,1.38,20999000,1,AMD,Ryzen 7,14,2880,1800,FHD,SSD,512,Lenovo,16
Win,16,amd,56.5,1.38,19999000,1,AMD,Ryzen 5,14,2880,1800,FHD,SSD,512,Lenovo,16
Win,16,nvidia,61,1.38,29999000,1,Intel,i7,14,2880,1800,FHD,SSD,1024,Lenovo,16
None,24,nvidia,66,1.38,35690000,1,Intel,i7,14,2240,1400,2.2K,SSD,512,Lenovo,36
Fedora,16,intel,42,1.39,22799000,1,Intel,i5,14,1920,1080,FHD,SSD,256,Dell,32
Fedora,16,intel,42,1.39,29999000,1,Intel,i7,14,1920,1080,FHD,SSD,512,Dell,32
Dos,8,intel,46,1.39,18499000,1,Intel,i5,13.3,1920,1080,FHD,SSD,512,Lenovo,8
Dos,8,intel,46,1.39,18499000,1,Intel,i5,13.3,1920,1080,FHD,SSD,512,Lenovo,8
Win,16,nvidia,54,1.39,48999000,1,Intel,i7,14,1920,1080,FHD,SSD,1024,Dell,32
Win,16,nvidia,54,1.39,48999000,1,Intel,i7,14,1920,1080,FHD,SSD,1024,Dell,32
Win,16,amd,75,1.39,21590000,1,AMD,Ryzen 5,14,2880,1800,FHD,SSD,512,Asus,24
Win,16,intel,75,1.39,22990000,1,Intel,i5,14,2880,1800,FHD,SSD,512,Asus,24
Win,16,intel,75,1.39,26490000,1,Intel,i7,14,2880,1800,2.8K,SSD,512,Asus,24
Win,16,intel,75,1.39,22990000,1,Intel,i5,14,2880,1800,FHD,SSD,512,Asus,24
Win,8,intel,75,1.39,20999000,1,Intel,i5,14,2880,1800,FHD,SSD,512,Asus,16
Win,16,intel,75,1.39,22999000,1,Intel,i5,14,2880,1800,FHD,SSD,512,Asus,32
Win,32,nvidia,90,1.39,48990000,1,Intel,i7,14,1920,1080,FHD,SSD,1024,Dell,48
Win,8,intel,44.5,1.39,17479000,1,Intel,i5,14,1920,1080,FHD,SSD,512,Dell,8
Win,4,intel,37,1.4,7299000,1,Intel,i3,14,1920,1080,FHD,SSD,128,Asus,20
Win,8,amd,39,1.4,11299000,1,AMD,Ryzen 5,14,1920,1080,FHD,SSD,512,MSI,8
Win,8,amd,40,1.4,11990000,1,AMD,Ryzen 5,14,1920,1080,FHD,SSD,512,Acer,12
Win,8,intel,40,1.4,12690000,1,Intel,i3,14,1920,1200,WUXGA,SSD,512,Acer,12
Win,8,intel,40,1.4,9990000,1,Intel,i3,14,1920,1080,FHD,SSD,512,Acer,12
Win,8,amd,40,1.4,11999000,1,AMD,Ryzen 5,14,1920,1080,FHD,SSD,512,Acer,8
Win,8,intel,40,1.4,10799000,1,Intel,i3,14,1920,1080,FHD,SSD,512,Acer,16
Win,8,intel,41,1.4,16990000,1,Intel,i5,14,1920,1080,FHD,SSD,512,HP,12
Win,16,intel,41,1.4,19990000,1,Intel,i7,14,1920,1080,FHD,SSD,512,HP,24
Win,16,intel,41,1.4,17490000,1,Intel,i5,14,1920,1080,FHD,SSD,512,HP,24
Win,8,intel,41,1.4,15499000,1,Intel,i5,14,1920,1080,FHD,SSD,512,MSI,16
Win,8,intel,41,1.4,15799000,1,Intel,i5,14,1920,1080,FHD,SSD,512,MSI,16
Win,16,intel,41,1.4,28999000,1,Intel,i7,14,1920,1080,FHD,SSD,1024,Acer,32
Win,16,intel,41,1.4,16399000,1,Intel,i5,14,1920,1080,FHD,SSD,512,MSI,16
Dos,16,intel,41,1.4,34999000,1,Intel,i5,16,2560,1600,FHD,SSD,512,LG,16
Dos,8,intel,41,1.4,22999000,1,Intel,i5,14,1920,1200,WUXGA,SSD,256,LG,8
Win,16,intel,41,1.4,26999000,1,Intel,i5,14,1920,1200,WUXGA,SSD,256,LG,16
Win,16,intel,41,1.4,16599000,1,Intel,i5,14,1920,1080,FHD,SSD,512,MSI,16
Win,8,intel,41,1.4,14999000,1,Intel,i5,14,1920,1080,FHD,SSD,512,Lenovo,40
Win,16,intel,41,1.4,19499000,1,Intel,i7,14,1920,1080,FHD,SSD,512,MSI,16
Win,8,intel,41,1.4,21989000,1,Intel,i5,14,1920,1080,FHD,SSD,512,Acer,32
Win,16,nvidia,41,1.4,25489000,1,Intel,i5,14,1920,1080,FHD,SSD,512,Acer,32
Win,16,intel,41,1.4,15799000,1,Intel,i5,14,1920,1080,FHD,SSD,512,MSI,16
Win,16,intel,41,1.4,33699000,1,Intel,,14,1920,1200,WUXGA,SSD,512,LG,16
Win,16,intel,41,1.4,13299000,1,Intel,i5,14,1920,1080,FHD,SSD,512,MSI,16
Mac OS,8,intel,41,1.4,29499000,1,Apple, M2,13.3,2560,1600,FHD,SSD,256,Apple,24
Mac OS,16,intel,41,1.4,35999000,1,Apple, M2,13.3,2560,1600,FHD,SSD,256,Apple,24
Mac OS,16,intel,41,1.4,40199000,1,Apple, M2,13.3,2560,1600,FHD,SSD,512,Apple,24
Mac OS,8,intel,41,1.4,29499000,1,Apple, M2,13.3,2560,1600,FHD,SSD,256,Apple,24
Mac OS,8,intel,41,1.4,34299000,1,Apple, M2,13.3,2560,1600,FHD,SSD,512,Apple,24
Mac OS,8,intel,41,1.4,33999000,1,Apple, M2,13.3,2560,1600,FHD,SSD,512,Apple,24
Mac OS,16,intel,41,1.4,40199000,1,Apple, M2,13.3,2560,1600,FHD,SSD,512,Apple,24
Mac OS,16,intel,41,1.4,35999000,1,Apple, M2,13.3,2560,1600,FHD,SSD,256,Apple,24
Win,16,intel,41.04,1.4,18999000,1,Intel,i7,14,1920,1080,FHD,SSD,512,HP,32
Win,16,intel,41.04,1.4,16499000,1,Intel,i5,14,1920,1080,FHD,SSD,512,HP,32
Win,4,intel,41.04,1.4,10899000,1,Intel,i3,14,1920,1080,FHD,SSD,256,HP,8
Win,4,intel,41.04,1.4,11999000,1,Intel,i3,14,1920,1080,FHD,SSD,512,HP,8
Win,4,intel,41.04,1.4,16499000,1,Intel,i5,14,1920,1080,FHD,SSD,512,HP,8
Win,16,intel,41.04,1.4,18999000,1,Intel,i7,14,1920,1080,FHD,SSD,512,HP,32
Win,16,intel,41.04,1.4,16499000,1,Intel,i5,14,1920,1080,FHD,SSD,512,HP,32
Win,8,intel,42,1.4,9790000,1,Intel,i3,14,1920,1080,FHD,SSD,256,Asus,12
Win,8,intel,42,1.4,12990000,1,Intel,i5,14,1920,1080,FHD,SSD,256,Asus,12
Win,8,intel,42,1.4,15999000,1,Intel,i5,14,1920,1080,FHD,SSD,512,Asus,16
No OS,8,intel,45,1.4,21290000,1,Intel,i7,14,1920,1080,FHD,SSD,512,Lenovo,12
Win,8,intel,45,1.4,22490000,1,Intel,i7,14,1920,1080,FHD,SSD,512,Lenovo,12
No OS,16,intel,45,1.4,22390000,1,Intel,i7,14,1920,1080,FHD,SSD,512,Lenovo,24
Win,16,intel,45,1.4,23490000,1,Intel,i7,14,1920,1080,FHD,SSD,512,Lenovo,24
Win,8,intel,45,1.4,16490000,1,Intel,i7,14,1920,1080,FHD,SSD,512,Lenovo,12
No OS,8,intel,45,1.4,14499000,1,Intel,i5,14,1920,1080,FHD,SSD,512,Lenovo,40
No OS,16,intel,45,1.4,15499000,1,Intel,i5,14,1920,1080,FHD,SSD,512,Lenovo,40
Win,8,intel,45,1.4,18999000,1,Intel,i5,14,1920,1080,FHD,SSD,512,Lenovo,40
Win,8,intel,45,1.4,16699000,1,Intel,i5,14,1920,1080,FHD,SSD,512,Lenovo,40
No OS,16,intel,45,1.4,22000000,1,Intel,i5,14,1920,1080,FHD,SSD,512,Lenovo,40
Dos,8,intel,46.5,1.4,24499000,1,Intel,i7,14,1920,1080,FHD,SSD,512,Lenovo,16
Win,8,intel,50,1.4,9990000,1,Intel,i3,14,1920,1080,FHD,SSD,512,Acer,12
No OS,16,intel,50,1.4,24190000,1,Intel,i7,14,1920,1080,FHD,SSD,512,Lenovo,24
Win,16,amd,50,1.4,16499000,1,AMD,Ryzen 5,14,1920,1200,WUXGA,SSD,512,Asus,32
Win,16,amd,50,1.4,16499000,1,AMD,Ryzen 5,14,1920,1200,WUXGA,SSD,512,Asus,16
Win,8,intel,50,1.4,14999000,1,Intel,i5,14,1920,1080,FHD,SSD,512,Acer,20
Win,16,intel,57,1.4,31190000,1,Intel,i7,14,2880,1800,2.8K,SSD,1024,Acer,24
Win,16,intel,57,1.4,33499000,1,Intel,i7,14,2880,1800,FHD,SSD,1024,Acer,16
Dos,8,intel,60,1.4,11990000,1,Intel,i3,14,1920,1080,FHD,SSD,512,Lenovo,12
No OS,8,intel,60,1.4,15990000,1,Intel,i7,14,1920,1080,FHD,SSD,512,Lenovo,12
Win,8,intel,60,1.4,18290000,1,Intel,i5,14,1920,1080,FHD,SSD,512,Lenovo,12
Win,8,intel,60,1.4,12890000,1,Intel,i5,14,1920,1080,FHD,SSD,256,Lenovo,12
Win,16,intel,61,1.4,21499000,1,Intel,i7,14,2880,1800,FHD,SSD,512,Lenovo,16
Win,16,intel,61,1.4,21499000,1,Intel,i7,14,2880,1800,FHD,SSD,512,Lenovo,16
Win,16,nvidia,62,1.4,22290000,1,Intel,i5,14,2880,1800,2.8K,SSD,512,Lenovo,24
Win,16,intel,63,1.4,22490000,1,Intel,i9,14,1920,1080,2.8K,SSD,512,Asus,24
Win,16,nvidia,63,1.4,23990000,1,Intel,i5,14,2880,1800,2.8K,SSD,512,Asus,24
Win,16,nvidia,63,1.4,24490000,1,Intel,i5,14,2880,1800,2.8K,SSD,512,Asus,24
Win,16,intel,63,1.4,22999000,1,Intel,i9,14,1920,1080,FHD,SSD,512,Asus,16
Win,8,intel,70,1.4,11499000,1,Intel,i5,14,1920,1200,FHD,SSD,512,Asus,16
Dos,8,intel,72,1.4,22499000,1,Intel,i3,14,1920,1200,WUXGA,SSD,256,LG,16
Win,16,intel,72,1.4,24699000,1,Intel,i5,14,1920,1200,FHD,SSD,512,MSI,16
Win,16,intel,75,1.4,31499000,1,Intel,i7,13.3,1920,1200,FHD,SSD,512,MSI,16
No OS,16,intel,90,1.4,32190000,1,Intel,i7,14,1920,1200,WUXGA,SSD,512,Lenovo,24
No OS,16,intel,90,1.4,33990000,1,Intel,i7,14,1920,1200,WUXGA,SSD,512,Lenovo,24
Win,8,intel,37,1.41,9099000,1,Intel,i3,14,1920,1080,FHD,SSD,256,Asus,32
Win,8,intel,38,1.41,17779000,1,Intel,i5,14,1920,1080,FHD,SSD,512,Dell,12
Win,8,intel,38,1.41,14749000,1,Intel,i3,14,1920,1080,FHD,SSD,512,Dell,12
Win,8,intel,43,1.41,11790000,1,Intel,i3,14,1920,1080,FHD,SSD,512,HP,12
Win,8,intel,43,1.41,11790000,1,Intel,i3,14,1920,1080,FHD,SSD,512,HP,12
Win,16,intel,43,1.41,17190000,1,Intel,i5,14,1920,1080,FHD,SSD,512,HP,24
Win,8,intel,43,1.41,15690000,1,Intel,i5,14,1920,1080,FHD,SSD,512,HP,12
Win,8,intel,43,1.41,14990000,1,Intel,i5,14,1920,1080,FHD,SSD,512,HP,12
Win,16,intel,43,1.41,20690000,1,Intel,i7,14,1920,1080,FHD,SSD,512,HP,24
Win,8,intel,43,1.41,18790000,1,Intel,i7,14,1920,1080,FHD,SSD,512,HP,12
Win,8,intel,43,1.41,15690000,1,Intel,i5,14,1920,1080,FHD,SSD,512,HP,12
Win,8,intel,43,1.41,14990000,1,Intel,i5,14,1920,1080,FHD,SSD,512,HP,12
Win,8,intel,50,1.41,19499000,1,Intel,i5,14,2880,1800,FHD,SSD,512,Asus,32
Win,8,intel,51,1.41,21490000,1,Intel,i5,14,1920,1080,FHD,SSD,512,HP,12
Win,16,intel,51,1.41,22490000,1,Intel,i5,14,1920,1080,FHD,SSD,512,HP,24
Win,16,intel,51,1.41,23590000,1,Intel,i5,14,1920,1080,FHD,SSD,512,HP,24
Win,16,intel,51,1.41,27590000,1,Intel,i7,14,1920,1080,FHD,SSD,512,HP,24
Win,16,intel,51,1.41,26190000,1,Intel,i7,14,1920,1080,FHD,SSD,512,HP,24
Win,16,amd,56.5,1.41,19599000,1,Intel,i7,14,2240,1400,FHD,SSD,512,Lenovo,16
Win,8,intel,65,1.41,33990000,1,Intel,i5,13,2880,1920,3K,SSD,512,Dell,12
Win,8,nvidia,76,1.41,38999000,1,AMD,Ryzen 7,14,1920,1200,FHD,SSD,512,Asus,24
Win,8,intel,38,1.43,13290000,1,Intel,i5,14,1920,1080,FHD,SSD,512,Lenovo,12
Win,16,intel,38,1.43,15190000,1,Intel,i5,14,1920,1080,FHD,SSD,512,Lenovo,24
No OS,16,intel,38,1.43,10990000,1,Intel,i3,14,1920,1080,FHD,SSD,512,Lenovo,24
Win,8,intel,38,1.43,11390000,1,Intel,i3,14,1920,1080,FHD,SSD,512,Lenovo,12
No OS,8,intel,38,1.43,18190000,1,Intel,i7,14,1920,1080,FHD,SSD,512,Lenovo,12
No OS,16,intel,38,1.43,12890000,1,Intel,i5,14,1920,1080,FHD,SSD,512,Lenovo,24
Win,8,intel,38,1.43,19490000,1,Intel,i7,14,1920,1080,FHD,SSD,512,Lenovo,12
No OS,4,intel,38,1.43,7990000,1,Intel,i3,14,1920,1080,FHD,SSD,256,Lenovo,6
No OS,16,intel,38,1.43,18690000,1,Intel,i7,14,1920,1080,FHD,SSD,512,Lenovo,24
No OS,8,intel,38,1.43,9890000,1,Intel,i3,14,1920,1080,FHD,SSD,256,Lenovo,12
Win,8,intel,47,1.43,19999000,1,Intel,i5,14,1920,1200,WUXGA,SSD,512,Lenovo,16
Win,8,intel,47,1.43,23999000,1,Intel,i7,14,1920,1200,WUXGA,SSD,512,Lenovo,16
Win,16,intel,40,1.44,51490000,1,Intel,i7,15,2560,1600,QHD,SSD,512,Dell,24
Win,16,intel,40,1.44,58990000,1,Intel,i7,14,2560,1600,QHD,SSD,512,Dell,24
Win,8,intel,41,1.44,16599000,1,Intel,i5,14,1920,1080,FHD,SSD,512,Dell,16
Win,8,intel,41,1.44,12099000,1,Intel,i3,14,1920,1080,FHD,SSD,256,Dell,16
Win,16,nvidia,41,1.44,24299000,1,Intel,i7,14,1920,1080,FHD,SSD,512,Dell,16
Win,8,intel,41,1.44,12099000,1,Intel,i3,14,1920,1080,FHD,SSD,256,Dell,16
Win,16,nvidia,41,1.44,24299000,1,Intel,i7,14,1920,1080,FHD,SSD,512,Dell,16
Win,8,intel,41,1.44,16599000,1,Intel,i5,14,1920,1080,FHD,SSD,512,Dell,16
Win,32,intel,58,1.44,35990000,1,Intel,i7,14,1920,1080,FHD,SSD,512,Dell,48
Win,16,intel,42,1.45,15990000,1,Intel,i7,14,1920,1080,FHD,SSD,512,Asus,24
Win,8,intel,42,1.45,15999000,1,Intel,i5,14,1920,1080,FHD,SSD,512,Asus,16
Win,8,intel,42,1.45,14499000,1,Intel,i5,14,1920,1080,FHD,SSD,256,Asus,16
Win,8,intel,63,1.45,16990000,1,Intel,i5,14,2880,1800,2.8K,SSD,512,Asus,12
Win,8,intel,71,1.45,17490000,1,Intel,i5,14,2240,1400,2.2K,SSD,512,Lenovo,12
Win,8,intel,41,1.46,13390000,1,Intel,i5,14,1920,1080,FHD,SSD,256,HP,12
Win,8,intel,41,1.46,15290000,1,Intel,i7,14,1920,1080,FHD,SSD,512,HP,12
Win,8,intel,41,1.46,10890000,1,Intel,i3,14,1920,1080,FHD,SSD,256,HP,12
Win,8,intel,41,1.46,12490000,1,Intel,i3,14,1920,1080,FHD,SSD,512,HP,12
Win,16,intel,56.6,1.46,19999000,1,Intel,i5,14,1920,1200,WUXGA,SSD,1024,Lenovo,16
Win,16,intel,56.6,1.46,21999000,1,Intel,i7,14,1920,1200,WUXGA,SSD,512,Lenovo,16
Win,16,intel,56.6,1.46,17999000,1,Intel,i5,14,1920,1200,WUXGA,SSD,512,Lenovo,16
Mac OS,16,intel,86,1.46,32990000,1,Intel,i7,14,2880,1800,3K,SSD,1024,Dell,24
Win,4,intel,41,1.47,10290000,1,Intel,i3,14,1920,1080,FHD,SSD,256,HP,6
Win,8,intel,41,1.47,12890000,1,Intel,i3,14,1920,1080,FHD,SSD,512,HP,12
Win,8,intel,41,1.47,10890000,1,Intel,i3,14,1920,1080,FHD,SSD,256,HP,12
Win,8,intel,41,1.47,16890000,1,Intel,i5,14,1920,1080,FHD,SSD,512,HP,12
Win,16,intel,41,1.47,20690000,1,Intel,i7,14,1920,1080,FHD,SSD,512,HP,24
Win,16,intel,41,1.47,17990000,1,Intel,i5,14,1920,1080,FHD,SSD,512,HP,24
Win,8,intel,41,1.47,19490000,1,Intel,i7,14,1920,1080,FHD,SSD,512,HP,12
Win,8,intel,41,1.47,16490000,1,Intel,i5,14,1920,1080,FHD,SSD,256,HP,12
Win,8,intel,41,1.47,10390000,1,Intel,i3,14,1920,1080,FHD,SSD,256,HP,12
Win,8,intel,41,1.47,11990000,1,Intel,i3,14,1920,1080,FHD,SSD,256,HP,12
No OS,8,intel,50,1.47,32999000,1,Intel,i5,14,1920,1080,FHD,SSD,512,Lenovo,24
No OS,8,intel,50,1.47,38999000,1,Intel,i7,14,1920,1080,FHD,SSD,512,Lenovo,24
Win,8,nvidia,41,1.48,21999000,1,Intel,i7,14,1920,1080,FHD,SSD,512,Dell,16
Win,32,intel,57,1.48,43490000,1,Intel,i7,14,1920,1200,WUXGA,SSD,512,Lenovo,48
No OS,16,intel,57,1.48,32690000,1,Intel,i7,14,1920,1200,WUXGA,SSD,512,Lenovo,24
Win,32,nvidia,72,1.48,49990000,1,Intel,i7,14,2560,1600,QHD,SSD,512,Dell,48
Win,32,nvidia,72,1.48,46490000,1,Intel,i7,14,1920,1200,FHD,SSD,512,Dell,48
Win,8,intel,41,1.49,11999000,1,Intel,i5,14,1920,1080,FHD,SSD,256,HP,64
Win,8,intel,41,1.49,16099000,1,Intel,i5,14,1920,1080,FHD,SSD,512,Dell,16
Win,12,intel,42,1.49,12790000,1,Intel,i5,14,1920,1080,FHD,SSD,256,Asus,18
Win,16,nvidia,63,1.49,32990000,1,Intel,i5,14,2880,1800,2.8K,SSD,1024,Dell,24
Win,16,nvidia,73,1.49,33990000,1,Intel,i7,14.5,3072,1920,3K,SSD,512,Lenovo,24
Win,16,nvidia,73,1.49,33999000,1,Intel,i7,14,0,4,FHD,SSD,512,Lenovo,32
Dos,8,intel,41,1.5,24999000,1,Intel,i5,14,1920,1200,WUXGA,SSD,512,Lenovo,24
Win,16,amd,41,1.5,37999000,1,Intel,i7,14,1920,1080,FHD,SSD,512,Lenovo,16
Dos,16,amd,41,1.5,35999000,1,Intel,i7,14,1920,1080,FHD,SSD,512,Lenovo,16
Win,8,intel,42,1.5,12990000,1,Intel,i5,14,1920,1080,FHD,SSD,256,Asus,12
Win,8,intel,42,1.5,14999000,1,Intel,i5,14,1920,1080,FHD,SSD,256,Asus,40
Win,12,amd,50,1.5,14590000,1,AMD,Ryzen 7,16,1920,1200,WUXGA,SSD,512,Asus,18
Win,16,amd,50,1.5,15790000,1,AMD,Ryzen 5,14,1920,1200,WUXGA,SSD,512,Asus,24
Win,16,amd,50,1.5,15990000,1,AMD,Ryzen 5,14,1920,1200,WUXGA,SSD,512,Asus,24
Win,8,intel,50,1.5,13490000,1,Intel,i3,14,1920,1200,WUXGA,SSD,256,Asus,12
Win,16,intel,50,1.5,15690000,1,Intel,i5,14,1920,1200,WUXGA,SSD,512,Acer,24
Win,16,intel,50,1.5,22690000,1,Intel,i9,14,1920,1200,WUXGA,SSD,512,Asus,24
Win,16,intel,50,1.5,17990000,1,Intel,i7,14,1920,1200,WUXGA,SSD,512,Acer,24
Win,16,intel,54,1.5,22190000,1,Intel,i5,14,1920,1080,FHD,SSD,512,Dell,24
Win,16,nvidia,54,1.5,26490000,1,Intel,i5,14,2560,1600,2.5K,SSD,512,Dell,24
Win,16,intel,54,1.5,24790000,1,Intel,i7,14,1920,1200,FHD,SSD,1024,Dell,24
Win,16,nvidia,54,1.5,28490000,1,Intel,i7,14,2560,1600,2.5K,SSD,1024,Dell,24
Win,8,intel,54,1.5,19690000,1,Intel,i5,14,1920,1200,FHD,SSD,512,Dell,12
Win,16,intel,54,1.5,24990000,1,Intel,i7,14,1920,1200,FHD,SSD,512,Dell,24
Win,16,nvidia,54,1.5,24790000,1,Intel,i5,14,1920,1200,FHD,SSD,512,Dell,24
Win,8,intel,55,1.5,16990000,1,Intel,i5,14,1920,1200,WUXGA,SSD,512,Lenovo,12
Dos,16,intel,57,1.5,31999000,1,Intel,i7,14,1920,1200,WUXGA,SSD,512,Lenovo,48
Dos,16,intel,57,1.5,32999000,1,Intel,i7,14,1920,1200,WUXGA,SSD,512,Lenovo,48
Win,16,intel,75,1.5,25590000,1,Intel,i5,14,2880,1800,2.8K,SSD,512,Asus,24
Win,16,intel,75,1.5,28990000,1,Intel,i7,14,2880,1800,2.8K,SSD,512,Asus,24
Win,16,intel,75,1.5,81990000,1,Intel,i7,17.3,2560,1920,2.5K,SSD,1024,Asus,24
Win,8,intel,90,1.5,10790000,1,Intel,i3,14,1920,1200,WUXGA,SSD,512,Acer,12
Dos,8,intel,90,1.5,24999000,1,Intel,i5,14,1920,1200,WUXGA,SSD,512,Lenovo,24
Win,8,intel,96,1.5,23499000,0,Intel,i9,14,1920,1080,FHD,SSD,512,Asus,16
Fedora,8,intel,41,1.52,15190000,1,Intel,i5,14,1920,1080,FHD,SSD,256,Dell,12
Fedora,8,intel,41,1.52,16499000,1,Intel,i5,14,1920,1080,FHD,SSD,512,Dell,32
Fedora,8,intel,41,1.52,22499000,1,Intel,i7,14,1920,1080,FHD,SSD,256,Dell,32
Fedora,8,intel,41,1.52,15899000,1,Intel,i5,14,1920,1080,FHD,SSD,256,Dell,32
Win,16,intel,43,1.52,21990000,1,Intel,i7,15.6,1920,1080,FHD,SSD,1024,HP,24
Win,8,intel,43,1.52,14990000,1,Intel,i5,15.6,1920,1080,FHD,SSD,512,HP,12
Win,8,intel,43.3,1.53,18499000,1,Intel,i5,14,1920,1080,FHD,SSD,512,HP,16
Win,16,intel,43.3,1.53,24999000,1,Intel,i7,14,1920,1080,FHD,SSD,512,HP,32
Win,8,intel,43.3,1.53,20999000,1,Intel,i5,14,1920,1080,FHD,SSD,512,HP,16
Win,16,intel,43.3,1.53,21999000,1,Intel,i5,14,1920,1080,FHD,SSD,512,HP,32
No OS,16,intel,47,1.53,22990000,1,Intel,i7,14,1920,1200,WUXGA,SSD,512,Lenovo,24
No OS,8,intel,47,1.53,18690000,1,Intel,i5,14,1920,1200,WUXGA,SSD,512,Lenovo,12
No OS,16,intel,47,1.53,19890000,1,Intel,i5,14,1920,1200,WUXGA,SSD,512,Lenovo,24
No OS,16,intel,47,1.53,19690000,1,Intel,i5,14,1920,1200,WUXGA,SSD,512,Lenovo,24
Dos,16,intel,47,1.53,19499000,1,Intel,i5,14,1920,1200,WUXGA,SSD,512,Lenovo,40
Dos,8,intel,47,1.53,18499000,1,Intel,i5,14,1920,1200,WUXGA,SSD,512,Lenovo,16
Dos,16,intel,47,1.53,19499000,1,Intel,i5,14,1920,1200,WUXGA,SSD,512,Lenovo,40
Win,16,intel,54,1.53,25299000,1,Intel,i7,14,1920,1200,FHD,SSD,1024,Dell,32
Win,16,intel,54,1.53,25999000,1,Intel,i7,14,1920,1200,FHD,SSD,512,Dell,32
Win,16,nvidia,54,1.53,26999000,1,Intel,i5,14,2560,1600,2.5K,SSD,512,Dell,32
Win,16,intel,54,1.53,25299000,1,Intel,i7,14,1920,1200,FHD,SSD,1024,Dell,32
Win,16,intel,60,1.53,65990000,1,Intel,i7,14,2560,1600,QHD,SSD,512,Dell,24
Win,16,intel,60,1.53,69999000,1,Intel,i7,14,2560,1600,QHD,SSD,512,Dell,32
,8,intel,42,1.54,27390000,1,Intel,i7,14,1920,1080,FHD,SSD,256,Dell,12
,8,intel,42,1.54,22990000,1,Intel,i3,14,1920,1080,FHD,SSD,256,Dell,12
Win,16,amd,54,1.54,13890000,1,AMD,Ryzen 5,14,2240,1400,2.2K,SSD,512,Dell,24
Win,16,nvidia,54,1.54,27999000,1,Intel,i7,14,1920,1200,FHD,SSD,1024,Dell,32
Win,8,amd,50,1.55,15990000,1,AMD,Ryzen 5,14,1920,1200,WUXGA,SSD,512,Lenovo,12
Win,16,amd,50,1.55,18590000,1,AMD,Ryzen 7,14,1920,1200,WUXGA,SSD,1024,Lenovo,24
Win,16,intel,90,1.55,22490000,1,Intel,i7,14,2240,1400,2.2K,SSD,512,Lenovo,24
Win,16,intel,70,1.56,22990000,1,Intel,i7,14.5,2880,1800,2.8K,SSD,512,Asus,24
Mac OS,16,intel,90,1.56,35990000,1,Intel,i7,16,2880,1800,3K,SSD,512,Dell,24
Mac OS,16,intel,90,1.56,35990000,1,Intel,i7,16,2880,1800,3K,SSD,512,Dell,24
Win,16,intel,54,1.57,23990000,1,Intel,i7,14,1920,1080,FHD,SSD,512,Dell,24
Win,8,amd,54,1.58,14990000,1,AMD,Ryzen 5,14,1920,1200,FHD,SSD,512,Dell,12
Win,16,amd,54,1.58,20990000,1,AMD,Ryzen 7,14,1920,1200,FHD,SSD,1024,Dell,24
Win,16,intel,54,1.58,21990000,1,Intel,i7,14,1920,1200,FHD,SSD,1024,Dell,24
Win,8,intel,54,1.58,16590000,1,Intel,i5,14,1920,1200,FHD,SSD,512,Dell,12
Win,16,intel,54,1.58,27799000,1,Intel,i7,14,1920,1200,FHD,SSD,512,Dell,32
Win,8,intel,54,1.58,17999000,1,Intel,i5,14,1920,1200,FHD,SSD,512,Dell,16
Win,8,intel,54,1.58,21999000,1,Intel,i5,14,1920,1200,FHD,SSD,512,Dell,16
Win,16,intel,41,1.59,16690000,1,Intel,i5,15.6,1920,1080,FHD,SSD,512,HP,24
Win,8,intel,41,1.59,16390000,1,Intel,i5,15.6,1920,1080,FHD,SSD,512,HP,12
Win,16,intel,41,1.59,19990000,1,Intel,i7,15.6,1920,1080,FHD,SSD,512,HP,24
Win,8,intel,41,1.59,18990000,1,Intel,i7,15.6,1920,1080,FHD,SSD,512,HP,12
Win,16,intel,41,1.59,18999000,1,Intel,i7,15.6,1920,1080,FHD,SSD,512,HP,32
Win,8,intel,41,1.59,16699000,1,Intel,i5,15.6,1920,1080,FHD,SSD,512,HP,16
Win,8,intel,41,1.59,18499000,1,Intel,i7,15.6,1920,1080,FHD,SSD,512,HP,16
Win,16,intel,41,1.59,16499000,1,Intel,i5,15.6,1920,1080,FHD,SSD,512,HP,32
Win,8,amd,45,1.59,16299000,1,AMD,Ryzen 5,14,1920,1080,FHD,SSD,256,Dell,32
No OS,8,intel,45,1.59,20999000,1,Intel,i7,14,1920,1080,FHD,SSD,512,Lenovo,32
Win,8,intel,63,1.59,15490000,1,Intel,i5,15.6,1920,1080,FHD,SSD,256,Dell,12
Ubuntu,8,intel,63,1.59,15999000,1,Intel,i5,15.6,1920,1080,FHD,SSD,256,Dell,32
Win,16,intel,90,1.59,18999000,1,Intel,i7,15.6,1920,1080,FHD,SSD,512,HP,32
Win,4,intel,41,1.6,14139000,1,AMD,Ryzen 5,14,1920,1080,FHD,SSD,1024,Dell,16
Win,8,intel,41,1.6,15999000,1,Intel,i5,14,1920,1080,FHD,SSD,512,HP,16
Win,8,intel,41,1.6,15999000,1,Intel,i5,14,1920,1080,FHD,SSD,512,HP,16
Win,8,intel,41,1.6,12699000,1,Intel,i3,14,1920,1080,FHD,SSD,256,HP,16
Win,16,intel,41,1.6,17999000,1,Intel,i5,14,1920,1080,FHD,SSD,512,HP,16
Win,16,intel,41,1.6,20999000,1,Intel,i7,14,1920,1080,FHD,SSD,512,HP,16
Win,8,intel,41,1.6,15199000,1,Intel,i5,14,1920,1080,FHD,SSD,256,HP,16
Win,16,intel,41,1.6,15699000,1,Intel,i5,14.1,1920,1080,FHD,SSD,512,VAIO,16
Win,16,intel,41,1.6,15999000,1,Intel,i5,14.1,1920,1080,FHD,SSD,512,VAIO,16
Win,8,intel,41,1.6,18079000,1,Intel,i5,14,1920,1080,FHD,SSD,256,Dell,32
Win,8,amd,50,1.6,14790000,1,AMD,Ryzen 5,14,2880,1800,2.8K,SSD,512,Asus,12
Win,16,intel,50,1.6,22490000,1,Intel,i7,15.6,1920,1080,FHD,SSD,512,Asus,24
Win,16,intel,50,1.6,17490000,1,Intel,i5,15.6,1920,1080,FHD,SSD,512,Asus,24
Win,16,intel,50,1.6,16990000,1,Intel,i5,14,2880,1800,2.8K,SSD,512,Asus,24
Win,8,intel,50,1.6,11790000,1,Intel,i3,14,1920,1200,WUXGA,SSD,256,Asus,12
Win,8,intel,50,1.6,10990000,1,Intel,i3,14,1920,1200,WUXGA,SSD,512,Asus,12
Win,16,intel,50,1.6,22990000,1,Intel,i7,14,1920,1200,WUXGA,SSD,512,Acer,24
Win,16,intel,50,1.6,19990000,1,Intel,i5,14,1920,1200,WUXGA,SSD,512,Acer,24
Win,16,intel,50,1.6,17999000,1,Intel,i5,15.6,1920,1080,FHD,SSD,512,Asus,16
Win,16,intel,50,1.6,20599000,1,Intel,i5,14,1920,1200,WUXGA,SSD,512,Acer,32
Win,16,intel,50,1.6,23599000,1,Intel,i7,14,1920,1200,WUXGA,SSD,512,Acer,32
Win,16,intel,50,1.6,17499000,1,Intel,i5,14,2880,1800,FHD,SSD,512,Asus,32
Win,16,amd,54,1.6,19990000,1,AMD,Ryzen 7,14,1920,1200,FHD,SSD,512,Dell,24
Win,8,intel,54,1.6,21590000,1,Intel,i5,14,1920,1200,FHD,SSD,512,Dell,12
Win,16,intel,54,1.6,26890000,1,Intel,i7,14,1920,1200,FHD,SSD,512,Dell,24
Win,16,nvidia,54,1.6,25499000,1,Intel,i5,14,1920,1200,FHD,SSD,512,Dell,16
Win,8,intel,54,1.6,19999000,1,Intel,i5,14,1920,1200,FHD,SSD,512,Dell,16
Win,16,intel,54,1.6,22299000,1,Intel,i5,14,1920,1200,FHD,SSD,512,Dell,32
Win,16,nvidia,63,1.6,23999000,1,AMD,Ryzen 5,15.6,1920,1080,FHD,SSD,512,Asus,16
Win,16,nvidia,63,1.6,24999000,1,AMD,Ryzen 7,15.6,1920,1080,FHD,SSD,512,Asus,16
Win,16,intel,75,1.6,26990000,1,Intel,i5,15.6,2880,1620,QHD,SSD,512,Asus,24
Win,8,intel,90,1.6,15999000,1,Intel,i5,14,1920,1080,FHD,SSD,512,HP,16
Mac OS,16,nvidia,90,1.6,59999000,1,Intel,i7,14.2,3024,1964,FHD,SSD,1024,Apple,16
Mac OS,16,nvidia,90,1.6,59999000,1,Intel,i7,14.2,3024,1964,FHD,SSD,1024,Apple,16
Mac OS,16,nvidia,90,1.6,47699000,1,Intel,i7,14.2,3024,1964,FHD,SSD,512,Apple,16
Mac OS,16,nvidia,90,1.6,47699000,1,Intel,i7,14.2,3024,1964,FHD,SSD,512,Apple,16
Win,16,intel,54,1.61,29990000,1,Intel,i7,15.6,1920,1080,FHD,SSD,256,Dell,24
Win,8,intel,41,1.62,18490000,1,Intel,i5,15.6,1920,1080,FHD,SSD,512,Dell,12
Win,8,intel,41,1.62,18490000,1,Intel,i7,15.6,1920,1080,FHD,SSD,512,Dell,12
Win,16,intel,41,1.62,22690000,1,Intel,i7,15.6,1920,1080,FHD,SSD,512,Dell,24
Win,16,intel,41,1.62,17690000,1,Intel,i5,15.6,1920,1080,FHD,SSD,512,Dell,24
Win,16,intel,41,1.62,19690000,1,Intel,i5,15.6,1920,1080,FHD,SSD,512,Dell,24
Mac OS,8,intel,42,1.63,11490000,1,Intel,i5,15.6,1920,1080,FHD,SSD,256,Lenovo,12
Win,8,intel,45,1.63,15999000,1,Intel,i7,14,1920,1080,FHD,SSD,512,Lenovo,16
Win,8,intel,45,1.63,9499000,1,Intel,i3,14,1920,1080,FHD,SSD,512,Lenovo,16
Win,8,nvidia,45,1.63,15999000,1,Intel,i7,15.6,1920,1080,FHD,SSD,512,Lenovo,16
Win,12,intel,70,1.63,17990000,1,Intel,i7,14.5,2880,1800,2.8K,SSD,512,Asus,18
Mac OS,32,nvidia,90,1.63,75499000,1,Intel,i7,14.2,3024,1964,FHD,SSD,1024,Apple,32
Mac OS,32,nvidia,90,1.63,75499000,1,Intel,i7,14.2,3024,1964,FHD,SSD,1024,Apple,32
Win,8,nvidia,42,1.64,14990000,1,Intel,i5,15.6,1920,1080,FHD,SSD,512,Dell,12
Win,16,nvidia,42,1.64,12999000,1,Intel,i5,14,1336,768,FHD,HDD,256,Dell,32
Win,8,intel,42,1.64,12999000,1,Intel,i5,14,1920,1080,FHD,HDD,512,Dell,16
Win,8,intel,42,1.64,8999000,1,Intel,i3,14,1920,1080,FHD,HDD,256,Dell,16
Ubuntu,8,intel,42,1.64,8999000,1,Intel,i3,14,1920,1080,FHD,HDD,512,Dell,16
No OS,8,intel,45,1.64,21290000,1,Intel,i7,14,1920,1080,FHD,SSD,512,Lenovo,12
No OS,8,intel,45,1.64,18690000,1,Intel,i7,14,1920,1080,FHD,SSD,256,Lenovo,12
No OS,8,intel,45,1.64,18390000,1,Intel,i5,14,1920,1080,FHD,SSD,512,Lenovo,12
Win,16,intel,45,1.64,25990000,1,Intel,i7,14,1920,1080,FHD,SSD,512,Lenovo,24
No OS,16,intel,45,1.64,22190000,1,Intel,i7,14,1920,1080,FHD,SSD,512,Lenovo,24
Dos,8,intel,45,1.64,18699000,1,Intel,i5,14,1920,1080,FHD,SSD,512,Lenovo,40
Dos,16,intel,45,1.64,19999000,1,Intel,i5,14,1920,1080,FHD,SSD,512,Lenovo,40
Dos,16,intel,45,1.64,19999000,1,Intel,i5,14,1920,1080,FHD,SSD,512,Lenovo,40
Dos,16,intel,45,1.64,22999000,1,Intel,i7,14,1920,1080,FHD,SSD,512,Lenovo,40
Dos,16,intel,45,1.64,21999000,1,Intel,i7,14,1920,1080,FHD,SSD,512,Lenovo,40
No OS,8,intel,38,1.65,13490000,1,Intel,i5,15.6,1920,1080,FHD,SSD,512,Lenovo,12
Win,8,intel,38,1.65,14590000,1,Intel,i5,15.6,1920,1080,FHD,SSD,512,Lenovo,12
Win,16,intel,38,1.65,15190000,1,Intel,i5,15.6,1920,1080,FHD,SSD,512,Lenovo,24
Win,16,intel,38,1.65,13290000,1,Intel,i5,15.6,1920,1080,FHD,SSD,512,Lenovo,24
Win,8,intel,38,1.65,13390000,1,Intel,i3,15.6,1920,1080,FHD,SSD,256,Lenovo,12
No OS,8,intel,38,1.65,11890000,1,Intel,i3,15.6,1920,1080,FHD,SSD,256,Lenovo,12
Win,8,intel,38,1.65,13990000,1,Intel,i3,15.6,1920,1080,FHD,SSD,512,Lenovo,12
No OS,8,intel,38,1.65,12290000,1,Intel,i3,15.6,1920,1080,FHD,SSD,512,Lenovo,12
Win,8,nvidia,41,1.65,18599000,1,Intel,i5,15.6,1920,1080,FHD,SSD,512,Dell,16
Win,8,intel,41,1.65,15999000,1,Intel,i5,15.6,1920,1080,FHD,SSD,512,Dell,16
Win,8,intel,41,1.65,12099000,1,Intel,i3,15.6,1920,1080,FHD,SSD,256,Dell,16
Win,8,intel,41,1.65,12099000,1,Intel,i3,15.6,1920,1080,FHD,SSD,256,Dell,32
Win,8,intel,41,1.65,14499000,1,Intel,i3,15.6,1920,1080,FHD,SSD,512,Dell,32
Win,8,intel,41,1.65,19799000,1,Intel,i7,15.6,1920,1080,FHD,SSD,512,Dell,32
Win,8,intel,41,1.65,15499000,1,Intel,i5,15.6,1920,1080,FHD,SSD,256,Dell,16
Win,8,intel,41,1.65,12799000,1,Intel,i3,15.6,1920,1080,FHD,SSD,512,Dell,16
Win,8,intel,41,1.65,16499000,1,Intel,i5,15.6,1920,1080,FHD,SSD,512,Dell,32
Win,8,intel,41,1.65,18799000,1,Intel,i5,15.6,1920,1080,FHD,SSD,512,Dell,16
Win,8,intel,41,1.65,16199000,1,Intel,i5,15.6,1920,1080,FHD,SSD,512,Dell,32
Win,16,intel,41,1.65,18199000,1,Intel,i5,15.6,1920,1080,FHD,SSD,512,Dell,32
Win,8,intel,41,1.65,15999000,1,Intel,i5,15.6,1920,1080,FHD,SSD,512,Dell,16
Win,8,intel,41,1.65,12499000,1,Intel,i3,15.6,1920,1080,FHD,SSD,512,Dell,16
Win,8,intel,41,1.65,12299000,1,Intel,i3,15.6,1920,1080,FHD,SSD,512,Dell,32
Win,8,intel,41,1.65,16199000,1,Intel,i5,15.6,1920,1080,FHD,SSD,512,Dell,16
Win,8,nvidia,41,1.65,18599000,1,Intel,i5,15.6,1920,1080,FHD,SSD,512,Dell,16
Win,4,intel,43.3,1.65,23229000,1,Intel,i7,14,1920,1080,FHD,SSD,512,Dell,32
Win,16,nvidia,54,1.65,23699000,1,Intel,i7,15.6,1920,1080,FHD,SSD,512,Dell,32
Win,16,nvidia,54,1.65,22799000,1,Intel,i7,15.6,1920,1080,FHD,SSD,512,Dell,32
Win,8,nvidia,54,1.65,21999000,1,Intel,i7,15.6,1920,1080,FHD,SSD,512,Dell,16
Win,8,intel,54,1.65,18399000,1,Intel,i7,15.6,1920,1080,FHD,SSD,512,Dell,16
Win,16,intel,54,1.65,21699000,1,Intel,i7,15.6,1920,1080,FHD,SSD,512,Dell,32
Win,16,nvidia,54,1.65,22799000,1,Intel,i7,15.6,1920,1080,FHD,SSD,512,Dell,32
No OS,8,intel,76,1.65,25990000,1,Intel,i5,16,1920,1200,WUXGA,SSD,512,Lenovo,12
Win,32,nvidia,76,1.65,47490000,1,Intel,i9,14.5,2880,1800,2.8K,SSD,1024,Asus,48
Win,8,nvidia,41,1.66,14999000,1,Intel,i5,15.6,1920,1080,FHD,SSD,512,Dell,16
Win,8,intel,41,1.66,13999000,1,Intel,i5,15.6,1920,1080,FHD,SSD,512,Dell,16
Win,8,nvidia,41,1.66,17699000,1,Intel,i7,15.6,1920,1080,FHD,SSD,512,Dell,16
Win,16,intel,64,1.66,22990000,1,Intel,i7,14,2560,1600,2.5K,SSD,1024,Dell,24
No OS,16,intel,55,1.67,27990000,1,Intel,i7,16,1920,1200,WUXGA,SSD,512,Lenovo,24
No OS,16,intel,55,1.67,24690000,1,Intel,i5,16,1920,1200,WUXGA,SSD,512,Lenovo,24
Win,16,intel,66,1.67,30990000,1,Intel,i5,16,1920,1200,WUXGA,SSD,512,Lenovo,24
Win,4,intel,41,1.68,17499000,1,Intel,i5,15.6,1920,1080,FHD,SSD,512,HP,32
Win,4,intel,41,1.68,15199000,1,Intel,i5,15.6,1920,1080,FHD,SSD,256,HP,32
Win,8,intel,41,1.68,21999000,1,Intel,i7,15.6,1920,1080,FHD,SSD,512,HP,32
Win,4,intel,41,1.68,13299000,1,Intel,i3,15.6,1920,1080,FHD,SSD,256,HP,32
Win,4,intel,41,1.68,19999000,1,Intel,i7,15.6,1920,1080,FHD,SSD,512,HP,32
Win,4,intel,41,1.68,15199000,1,Intel,i5,15.6,1920,1080,FHD,SSD,256,HP,32
Win,4,intel,41,1.68,16699000,1,Intel,i5,15.6,1920,1080,FHD,SSD,512,HP,32
Win,4,intel,41,1.68,16699000,1,Intel,i5,15.6,1920,1080,FHD,SSD,512,HP,32
Win,16,amd,41,1.68,16999000,1,AMD,Ryzen 7,15.6,1920,1080,FHD,SSD,1024,Dell,32
Win,4,intel,41.04,1.68,16499000,1,Intel,i5,15.6,1920,1080,FHD,SSD,512,HP,8
Win,8,intel,41.04,1.68,16499000,1,Intel,i5,15.6,1920,1080,FHD,SSD,512,HP,16
Win,16,intel,41.04,1.68,17499000,1,Intel,i5,15.6,1920,1080,FHD,SSD,512,HP,32
Win,8,intel,41.04,1.68,20999000,1,Intel,i7,15.6,1920,1080,FHD,SSD,512,HP,16
Win,16,intel,41.04,1.68,21999000,1,Intel,i7,15.6,1920,1080,FHD,SSD,512,HP,32
Win,8,intel,41.04,1.68,13599000,1,Intel,i3,15.6,1920,1080,FHD,SSD,256,HP,16
Win,16,intel,41.04,1.68,22999000,1,Intel,i7,15.6,1920,1080,FHD,SSD,512,HP,32
Win,16,intel,41.04,1.68,17999000,1,Intel,i5,15.6,1920,1080,FHD,SSD,512,HP,32
Win,8,intel,41.04,1.68,13599000,1,Intel,i3,15.6,1920,1080,FHD,SSD,256,HP,16
Win,8,intel,41.04,1.68,16499000,1,Intel,i5,15.6,1920,1080,FHD,SSD,512,HP,16
Win,4,intel,41.04,1.68,16499000,1,Intel,i5,15.6,1920,1080,FHD,SSD,512,HP,8
Win,16,intel,41.04,1.68,17499000,1,Intel,i5,15.6,1920,1080,FHD,SSD,512,HP,32
Win,16,intel,52.5,1.68,28499000,1,Intel,i7,16,1920,1200,WUXGA,SSD,512,Lenovo,32
Win,16,intel,56,1.68,35990000,1,Intel,i7,16,1920,1200,WUXGA,SSD,512,Lenovo,24
Win,16,intel,64,1.68,24990000,1,Intel,i7,14,2240,1400,2.2K,SSD,512,Dell,24
Win,8,intel,45,1.68,21999000,1,Intel,i5,15.6,1920,1080,FHD,SSD,256,Dell,32
Win,16,intel,41,1.69,15999000,1,Intel,i5,15.6,1920,1080,FHD,SSD,512,HP,64
Win,8,intel,41,1.69,11999000,1,Intel,i5,15.6,1366,768,FHD,SSD,256,HP,16
Ubuntu,16,intel,41,1.69,14299000,1,Intel,i5,15.6,1920,1080,FHD,SSD,512,Dell,32
No OS,8,amd,45,1.69,16999000,1,AMD,Ryzen 7,14,1920,1080,FHD,SSD,512,Lenovo,16
No OS,4,intel,45,1.69,7999000,1,Intel,,14,1920,1080,FHD,SSD,256,Lenovo,8
No OS,8,intel,45,1.69,11499000,1,Intel,,14,1920,1080,FHD,SSD,256,Lenovo,16
Win,16,nvidia,54,1.69,28499000,1,Intel,i5,14,2560,1600,2.5K,SSD,1024,Dell,16
Win,16,nvidia,54,1.69,28499000,1,Intel,i7,14,2560,1600,2.5K,SSD,1024,Dell,16
Win,16,intel,90,1.69,15999000,1,Intel,i5,15.6,1920,1080,FHD,SSD,512,HP,64
Win,4,intel,36.7,1.7,7999000,1,Intel,i3,14,1920,1080,FHD,SSD,256,Acer,12
Win,4,intel,36.7,1.7,8699000,1,Intel,i3,14,1920,1080,FHD,SSD,256,Acer,12
Win,8,intel,36.7,1.7,12999000,1,Intel,i5,15.6,1920,1080,FHD,SSD,512,Acer,12
Win,4,intel,36.7,1.7,11499000,1,Intel,i5,15.6,1920,1080,FHD,SSD,256,Acer,12
Win,4,intel,36.7,1.7,11499000,1,Intel,i5,15.6,1920,1080,FHD,SSD,256,Acer,12
Win,4,intel,36.7,1.7,11499000,1,Intel,i5,15.6,1920,1080,FHD,SSD,256,Acer,12
No OS,8,intel,38,1.7,8890000,1,Intel,i3,15.6,1920,1080,FHD,SSD,256,Lenovo,12
Win,8,intel,38,1.7,12890000,1,Intel,i5,15.6,1920,1080,FHD,SSD,512,Lenovo,12
Win,8,intel,40,1.7,8990000,1,Intel,i3,15.6,1920,1080,FHD,SSD,256,Acer,12
Win,8,intel,40,1.7,13990000,1,Intel,i5,15.6,1920,1080,FHD,SSD,512,Acer,12
Win,8,intel,40,1.7,10690000,1,Intel,i3,15.6,1920,1080,FHD,SSD,512,Acer,12
Win,8,intel,40,1.7,10299000,1,Intel,i3,15.6,1920,1080,FHD,SSD,512,Acer,32
Win,8,intel,40,1.7,10699000,1,Intel,i3,15.6,1920,1080,FHD,SSD,512,Acer,32
Win,8,intel,40,1.7,9699000,1,Intel,i3,15.6,1920,1080,FHD,SSD,256,Acer,32
Win,8,intel,40,1.7,8699000,1,Intel,i3,15.6,1920,1080,FHD,SSD,256,Acer,32
Win,8,intel,40,1.7,8999000,1,Intel,i3,15.6,1920,1080,FHD,SSD,256,Acer,32
Win,32,nvidia,41,1.7,21990000,1,Intel,i7,15.6,1920,1080,FHD,SSD,1024,HP,48
Win,16,intel,41,1.7,22390000,1,Intel,i7,15.6,1920,1080,FHD,SSD,512,HP,24
Win,16,nvidia,41,1.7,19690000,1,Intel,i5,15.6,1920,1080,FHD,SSD,512,HP,24
Win,8,intel,41,1.7,13390000,1,Intel,i3,15.6,1920,1080,FHD,SSD,256,HP,12
Win,8,intel,41,1.7,17490000,1,Intel,i5,15.6,1920,1080,FHD,SSD,256,HP,12
Win,8,intel,41,1.7,13390000,1,Intel,i3,15.6,1920,1080,FHD,SSD,256,HP,12
Win,16,nvidia,41,1.7,26590000,1,Intel,i7,15.6,1920,1080,FHD,SSD,512,HP,24
Win,8,intel,41,1.7,17490000,1,Intel,i5,15.6,1920,1080,FHD,SSD,256,HP,12
Win,16,intel,41,1.7,18390000,1,Intel,i5,15.6,1920,1080,FHD,SSD,512,HP,24
Win,16,intel,41,1.7,22390000,1,Intel,i7,15.6,1920,1080,FHD,SSD,512,HP,24
Win,8,intel,41,1.7,17690000,1,Intel,i5,15.6,1920,1080,FHD,SSD,512,HP,12
Win,8,intel,41,1.7,17690000,1,Intel,i5,15.6,1920,1080,FHD,SSD,512,HP,12
Win,8,intel,41,1.7,15290000,1,Intel,i7,15.6,1920,1080,FHD,SSD,256,HP,12
Win,16,intel,41,1.7,17890000,1,Intel,i7,15.6,1920,1080,FHD,SSD,512,HP,24
Win,8,nvidia,41,1.7,17490000,1,Intel,i7,15.6,1920,1080,FHD,SSD,512,HP,12
Win,8,nvidia,41,1.7,15490000,1,Intel,i5,15.6,1920,1080,FHD,SSD,512,HP,12
Win,16,intel,41,1.7,15690000,1,Intel,i5,15.6,1920,1080,FHD,SSD,512,HP,24
Win,8,intel,41,1.7,21990000,1,Intel,i7,15.6,1920,1080,FHD,SSD,512,HP,12
Win,16,nvidia,41,1.7,24190000,1,Intel,i7,15.6,1920,1080,FHD,SSD,512,HP,24
Win,16,intel,41,1.7,18390000,1,Intel,i5,15.6,1920,1080,FHD,SSD,512,HP,24
Win,16,intel,41,1.7,13599000,1,Intel,i5,15.6,1920,1080,FHD,SSD,512,MSI,16
Win,8,intel,41,1.7,16899000,1,Intel,i5,15.6,1920,1080,FHD,SSD,512,MSI,16
Win,8,intel,41,1.7,10299000,1,Intel,i3,15.6,1920,1080,FHD,SSD,512,Asus,16
Win,8,intel,42,1.7,14490000,1,Intel,i5,15.6,1920,1080,FHD,SSD,512,Asus,12
Win,16,intel,42,1.7,14990000,1,Intel,i5,15.6,1920,1080,FHD,SSD,512,Asus,24
Win,8,intel,42,1.7,9990000,1,Intel,i3,15.6,1920,1080,FHD,SSD,512,Asus,12
Win,16,intel,42,1.7,17990000,1,Intel,i7,15.6,1920,1080,FHD,SSD,512,Asus,24
Win,8,intel,42,1.7,12599000,1,Intel,i3,15.6,1920,1080,FHD,SSD,512,Asus,16
Win,16,intel,42,1.7,15499000,1,Intel,i5,15.6,1920,1080,FHD,SSD,512,Asus,16
Win,16,intel,42,1.7,15499000,1,Intel,i5,15.6,1920,1080,FHD,SSD,512,Asus,16
Win,8,intel,43,1.7,13990000,1,Intel,i5,14,1920,1080,FHD,SSD,512,HP,12
Win,8,intel,43,1.7,15990000,1,Intel,i3,14,1920,1080,FHD,SSD,256,HP,12
Win,8,intel,43,1.7,15990000,1,Intel,i3,14,1920,1080,FHD,SSD,256,HP,12
Win,16,intel,43,1.7,24290000,1,Intel,i7,14,1920,1080,FHD,SSD,512,HP,24
Win,16,intel,43,1.7,21590000,1,Intel,i5,14,1920,1080,FHD,SSD,512,HP,24
Win,8,intel,43,1.7,19490000,1,Intel,i5,14,1920,1080,FHD,SSD,512,HP,12
Win,16,intel,45,1.7,16990000,1,AMD,Ryzen 5,15.6,1920,1080,FHD,SSD,512,Lenovo,24
Win,16,intel,45,1.7,23890000,1,Intel,i7,15.6,1920,1080,FHD,SSD,512,Lenovo,24
No OS,8,intel,45,1.7,17990000,1,Intel,i5,15.6,1920,1080,FHD,SSD,512,Lenovo,12
No OS,8,intel,45,1.7,18499000,1,Intel,i7,15.6,1920,1080,FHD,SSD,512,Lenovo,40
No OS,8,intel,45,1.7,16999000,1,Intel,i5,15.6,1920,1080,FHD,SSD,512,Lenovo,40
Dos,8,intel,45,1.7,18299000,1,Intel,i5,15.6,1920,1080,FHD,SSD,256,Lenovo,40
No OS,8,intel,45,1.7,21499000,1,Intel,i7,15.6,1920,1080,FHD,SSD,512,Lenovo,40
No OS,8,intel,45,1.7,19999000,1,Intel,i7,15.6,1920,1080,FHD,SSD,512,Lenovo,40
Win,8,intel,45,1.7,19499000,1,Intel,i5,15.6,1920,1080,FHD,SSD,512,Lenovo,40
No OS,8,intel,45,1.7,16499000,1,Intel,i5,15.6,1920,1080,FHD,SSD,256,Lenovo,40
Dos,8,intel,45,1.7,18999000,1,Intel,i5,15.6,1920,1080,FHD,SSD,512,Lenovo,40
No OS,8,intel,45,1.7,18499000,1,Intel,i7,15.6,1920,1080,FHD,SSD,512,Lenovo,40
Win,16,intel,50,1.7,22990000,1,Intel,i9,15.6,1920,1080,FHD,SSD,512,Acer,24
Win,8,intel,50,1.7,22990000,1,Intel,i3,15.6,1920,1080,FHD,SSD,512,Acer,12
Win,16,intel,50,1.7,15890000,1,Intel,i5,15.6,1920,1080,FHD,SSD,512,Acer,24
Win,8,intel,50,1.7,10990000,1,Intel,i3,15.6,1920,1080,FHD,SSD,512,Acer,12
Win,16,intel,50,1.7,16990000,1,Intel,i5,15.6,1920,1080,FHD,SSD,512,Asus,24
Win,16,intel,50,1.7,21190000,1,Intel,i9,15.6,1920,1080,FHD,SSD,512,Asus,24
No OS,16,nvidia,50,1.7,37690000,1,Intel,i7,16,1920,1200,WUXGA,SSD,512,Lenovo,24
Win,16,intel,50,1.7,18990000,1,Intel,i7,15.6,1920,1080,FHD,SSD,512,Acer,24
Win,8,nvidia,50,1.7,16990000,1,Intel,i5,15.6,1920,1080,FHD,SSD,512,Acer,12
Win,16,intel,50,1.7,16990000,1,Intel,i5,15.6,1920,1080,FHD,SSD,512,Asus,24
Win,16,intel,50,1.7,17499000,1,Intel,i5,15.6,1920,1080,FHD,SSD,512,Asus,32
Win,16,intel,50,1.7,21999000,1,Intel,i9,15.6,1920,1080,FHD,SSD,512,Acer,32
Win,16,intel,50,1.7,19699000,1,Intel,i7,15.6,1920,1080,FHD,SSD,512,Acer,32
Win,16,intel,50,1.7,16799000,1,Intel,i5,15.6,1920,1080,FHD,SSD,512,Acer,32
Win,8,intel,50,1.7,12899000,1,Intel,i3,15.6,1920,1080,FHD,SSD,512,Acer,8
Win,16,intel,50,1.7,21499000,1,Intel,i9,15.6,1920,1080,FHD,SSD,512,Asus,16
Win,16,intel,50,1.7,15999000,1,Intel,i5,14,1920,1200,WUXGA,SSD,512,Acer,32
Win,16,nvidia,50,1.7,17499000,1,Intel,i5,15.6,1920,1080,FHD,SSD,512,Asus,32
Win,16,intel,50,1.7,15999000,1,Intel,i5,14,1920,1200,WUXGA,SSD,512,Acer,32
Win,8,intel,51,1.7,14990000,1,Intel,i3,14,1920,1080,FHD,SSD,256,HP,12
Win,8,intel,51,1.7,19690000,1,Intel,i5,14,1920,1080,FHD,SSD,256,HP,12
Win,8,intel,54,1.7,18090000,1,Intel,i7,15.6,1920,1080,FHD,SSD,512,Dell,12
Win,32,nvidia,55,1.7,55690000,1,Intel,i7,16,3840,2400,FHD,SSD,1024,Lenovo,48
No OS,16,nvidia,55,1.7,38990000,1,Intel,i7,16,1920,1200,WUXGA,SSD,1024,Lenovo,24
Win,16,nvidia,60,1.7,40690000,1,Intel,i7,16,1920,1200,WUXGA,SSD,512,Lenovo,24
Win,16,nvidia,60,1.7,37190000,1,Intel,i5,16,1920,1200,WUXGA,SSD,512,Lenovo,24
Win,8,intel,70,1.7,11490000,1,Intel,i3,15.6,1920,1080,FHD,SSD,256,Asus,12
Win,8,intel,70,1.7,15990000,1,Intel,i5,15.6,1920,1080,FHD,SSD,512,Asus,12
Win,8,amd,70,1.7,15999000,1,AMD,Ryzen 7,15.6,1920,1080,FHD,SSD,512,Asus,24
Win,16,intel,71,1.7,22990000,1,Intel,i5,16,1920,1200,WUXGA,SSD,512,Lenovo,24
Win,32,intel,71,1.7,22990000,1,Intel,i5,16,1920,1200,WUXGA,SSD,1024,Lenovo,48
Win,16,nvidia,72,1.7,51999000,1,Intel,i7,14,2560,1600,QHD,SSD,1024,MSI,64
Ubuntu,16,nvidia,100,1.7,81990000,1,Intel,i7,16,1920,1200,FHD,SSD,512,Dell,24
Ubuntu,16,nvidia,100,1.7,75190000,1,Intel,i7,16,1920,1200,FHD,SSD,512,Dell,24
Win,32,nvidia,100,1.7,96990000,1,Intel,i9,16,1920,1200,FHD,SSD,1024,Dell,48
Win,8,intel,41,1.73,13499000,1,Intel,i5,14,1920,1080,FHD,SSD,256,Dell,16
Win,8,intel,41,1.73,13099000,1,Intel,i5,15.6,1920,1080,FHD,SSD,256,Dell,32
Win,8,intel,41,1.73,13499000,1,Intel,i5,15.6,1920,1080,FHD,SSD,256,Dell,16
Win,8,intel,42,1.73,15999000,1,Intel,i5,15.6,1920,1080,FHD,SSD,512,Asus,16
Win,16,nvidia,57.5,1.73,52019000,1,Intel,i7,14,1920,1080,FHD,SSD,1024,Asus,32
Win,16,nvidia,57.5,1.73,52019000,1,Intel,i7,14,1920,1080,FHD,SSD,1024,Asus,32
Win,8,intel,41,1.74,11699000,1,Intel,i5,15.6,1920,1080,FHD,SSD,256,HP,16
Win,8,intel,41,1.74,9999000,1,Intel,i5,15.6,1920,1080,FHD,SSD,256,HP,16
Win,16,intel,41.04,1.74,18999000,1,Intel,i5,15.6,1920,1080,FHD,SSD,512,HP,32
Win,16,intel,41.04,1.74,23999000,1,Intel,i7,15.6,1920,1080,FHD,SSD,512,HP,32
Win,16,amd,39,1.75,14999000,1,AMD,Ryzen 7,15.6,1920,1080,FHD,SSD,512,MSI,16
Win,16,amd,39,1.75,12999000,1,AMD,Ryzen 5,15.6,1920,1080,FHD,SSD,512,MSI,16
Win,32,nvidia,76,1.75,58990000,1,Intel,i9,14.5,2880,1800,2.8K,SSD,1024,Asus,48
No OS,16,intel,55,1.77,24990000,1,Intel,i7,15.6,1920,1080,FHD,SSD,512,Lenovo,24
No OS,16,intel,56,1.77,21990000,1,Intel,i5,15.6,1920,1080,FHD,SSD,512,Lenovo,24
Win,16,intel,51,1.78,20390000,1,Intel,i5,15.6,1920,1080,FHD,SSD,512,HP,24
Win,8,intel,51,1.78,19590000,1,Intel,i5,15.6,1920,1080,FHD,SSD,512,HP,12
Win,16,intel,51,1.78,24690000,1,Intel,i7,15.6,1920,1080,FHD,SSD,512,HP,24
Win,16,intel,51,1.78,25390000,1,Intel,i7,15.6,1920,1080,FHD,SSD,512,HP,24
Win,8,intel,51,1.78,21390000,1,Intel,i5,15.6,1920,1080,FHD,SSD,512,HP,12
Win,16,intel,51,1.78,22390000,1,Intel,i5,15.6,1920,1080,FHD,SSD,512,HP,24
Ubuntu,16,nvidia,97,1.78,42690000,1,Intel,i7,15.6,1920,1080,FHD,SSD,512,Dell,24
Ubuntu,16,nvidia,97,1.78,45390000,1,Intel,i7,15.6,1920,1080,FHD,SSD,512,Dell,24
Ubuntu,16,nvidia,97,1.78,44490000,1,Intel,i7,15.6,1920,1080,FHD,SSD,512,Dell,24
Ubuntu,16,nvidia,97,1.78,41590000,1,Intel,i7,15.6,1920,1080,FHD,SSD,256,Dell,24
Ubuntu,16,nvidia,97,1.78,50790000,1,Intel,i9,15.6,1920,1080,FHD,SSD,512,Dell,24
Win,32,nvidia,97,1.78,36990000,1,Intel,i7,15.6,3840,2160,FHD,SSD,512,Dell,48
Win,8,intel,41,1.79,16999000,1,Intel,i5,15.6,1920,1080,FHD,SSD,256,Dell,32
Win,8,intel,41,1.79,11899000,1,Intel,i5,15.6,1920,1080,FHD,SSD,256,Dell,32
Ubuntu,8,intel,41,1.79,14499000,1,Intel,i5,15.6,1920,1080,FHD,SSD,256,Dell,64
Ubuntu,16,nvidia,64,1.79,40699000,1,Intel,i7,15.6,1920,1080,FHD,SSD,512,Dell,32
Ubuntu,16,nvidia,64,1.79,47699000,1,Intel,i9,15.6,1920,1080,FHD,SSD,512,Dell,32
Ubuntu,16,nvidia,64,1.79,41699000,1,Intel,i7,15.6,1920,1080,FHD,SSD,512,Dell,32
Win,32,nvidia,64,1.8,54990000,1,Intel,i7,15.6,1920,1080,FHD,SSD,1024,Dell,48
Win,32,nvidia,64,1.8,51990000,1,Intel,i7,15.6,1920,1080,FHD,SSD,1024,Dell,48
Ubuntu,16,nvidia,64,1.8,42990000,1,Intel,i7,15.6,1920,1080,FHD,SSD,512,Dell,24
Win,16,nvidia,64,1.8,55999000,1,Intel,i7,15.6,1920,1080,FHD,SSD,1024,Dell,32
Win,16,nvidia,64,1.8,52999000,1,Intel,i7,15.6,1920,1080,FHD,SSD,1024,Dell,32
Ubuntu,16,nvidia,64,1.8,43999000,1,Intel,i7,15.6,1920,1080,FHD,SSD,512,Dell,32
Win,16,nvidia,64,1.8,52999000,1,Intel,i7,15.6,1920,1080,FHD,SSD,1024,Dell,32
Win,16,nvidia,64,1.8,55999000,1,Intel,i7,15.6,1920,1080,FHD,SSD,1024,Dell,32
Win,4,intel,37,1.8,6490000,1,Intel,i7,15.6,1366,768,FHD,SSD,256,Asus,6
Win,8,intel,37,1.8,9790000,1,Intel,i3,15.6,1920,1080,FHD,SSD,512,Asus,12
Win,16,intel,41,1.8,25499000,1,Intel,i7,15.6,1920,1080,FHD,SSD,512,HP,32
Win,16,intel,41,1.8,17599000,1,Intel,i5,15.6,1920,1080,FHD,SSD,512,VAIO,16
Win,8,intel,41,1.8,20999000,1,Intel,i5,15.6,1920,1080,FHD,SSD,512,HP,32
Win,16,intel,41,1.8,17999000,1,Intel,i5,15.6,1920,1080,FHD,SSD,512,VAIO,16
Win,16,intel,41,1.8,21999000,1,Intel,i5,15.6,1920,1080,FHD,SSD,512,HP,32
Win,8,amd,42,1.8,8990000,1,AMD,Ryzen 3,15.6,1920,1080,FHD,SSD,256,Asus,12
No OS,8,intel,45,1.8,19699000,1,Intel,i5,15.6,1920,1080,FHD,SSD,512,Lenovo,16
Win,4,intel,45,1.8,14549000,1,Intel,,14,1920,1080,FHD,SSD,256,Dell,16
No OS,32,nvidia,55,1.8,38090000,1,Intel,i7,16,1920,1200,WUXGA,SSD,1024,Lenovo,48
No OS,24,nvidia,56,1.8,35690000,1,Intel,i7,16,1920,1200,WUXGA,SSD,512,Lenovo,36
Win,16,nvidia,70,1.8,30490000,1,Intel,i5,15.6,2880,1620,2.8K,SSD,512,Asus,24
Win,16,nvidia,70,1.8,34690000,1,Intel,i9,15.6,2880,1620,2.8K,SSD,512,Asus,24
Win,8,intel,70,1.8,38999000,0,Intel,i9,15.6,1920,1080,FHD,SSD,512,Asus,16
Win,8,nvidia,70,1.8,38999000,0,Intel,i9,15.6,1920,1080,FHD,SSD,512,Asus,16
Win,16,nvidia,80,1.8,39490000,1,Intel,i7,14,1920,1080,FHD,SSD,512,Dell,24
Win,16,nvidia,80,1.8,41490000,1,Intel,i7,14,1920,1080,FHD,SSD,512,Dell,24
Win,16,nvidia,80,1.8,48990000,1,Intel,i7,14,1920,1080,FHD,SSD,512,Dell,24
Win,16,intel,83,1.8,29990000,1,Intel,i7,16,3072,1920,3K,SSD,512,HP,24
,8,intel,42,1.81,22690000,1,Intel,i7,15.6,1920,1080,FHD,SSD,512,Dell,12
,8,intel,42,1.81,18090000,1,Intel,i5,15.6,1920,1080,FHD,SSD,256,Dell,12
,8,intel,42,1.81,21990000,1,Intel,i5,15.6,1920,1080,FHD,SSD,512,Dell,12
,8,intel,42,1.81,16990000,1,Intel,i3,15.6,1920,1080,FHD,SSD,512,Dell,12
,8,intel,42,1.81,15890000,1,Intel,i3,15.6,1920,1080,FHD,SSD,256,Dell,12
,16,intel,42,1.81,24990000,1,Intel,i7,15.6,1366,768,FHD,SSD,512,Dell,24
,16,intel,42,1.81,23990000,1,Intel,i7,15.6,1366,768,FHD,SSD,512,Dell,24
No OS,16,intel,47,1.81,19990000,1,Intel,i5,16,1920,1200,WUXGA,SSD,512,Lenovo,24
Win,8,intel,47,1.81,20890000,1,Intel,i5,16,1920,1200,WUXGA,SSD,512,Lenovo,12
Win,8,intel,47,1.81,19999000,1,Intel,i5,16,1920,1200,WUXGA,SSD,512,Lenovo,16
Win,8,intel,47,1.81,23199000,1,Intel,i7,16,1920,1200,WUXGA,SSD,512,Lenovo,16
Win,16,intel,47,1.81,20699000,1,Intel,i5,16,1920,1200,WUXGA,SSD,512,Lenovo,32
Ubuntu,16,intel,41,1.83,13099000,1,Intel,i5,15.6,1920,1080,FHD,SSD,512,Dell,32
Win,8,intel,41,1.83,13399000,1,Intel,i5,15.6,1920,1080,FHD,SSD,512,Dell,16
Ubuntu,16,intel,41,1.83,14299000,1,Intel,i5,15.6,1920,1080,FHD,SSD,512,Dell,32
Ubuntu,8,intel,41,1.83,12999000,1,Intel,i5,15.6,1920,1080,FHD,SSD,512,Dell,16
Win,8,intel,41,1.83,12999000,1,Intel,i5,15.6,1920,1080,FHD,SSD,256,Dell,16
Win,32,nvidia,56,1.84,43490000,1,Intel,i7,15.6,1920,1200,FHD,SSD,512,Dell,48
Win,64,nvidia,56,1.84,57990000,1,Intel,i9,15.6,1920,1200,FHD,SSD,512,Dell,96
Win,32,nvidia,86,1.84,47990000,1,Intel,i7,15.6,1920,1200,FHD,SSD,1024,Dell,48
Win,32,nvidia,86,1.84,53490000,1,Intel,i9,15.6,1920,1200,FHD,SSD,512,Dell,48
Win,32,nvidia,86,1.84,60990000,1,Intel,i9,15.6,3840,2400,FHD,SSD,1024,Dell,48
Ubuntu,32,nvidia,90,1.84,83990000,1,Intel,i9,15.6,3840,2400,FHD,SSD,512,Dell,48
Ubuntu,16,nvidia,90,1.84,71390000,1,Intel,i7,15.6,3840,2400,FHD,SSD,256,Dell,24
Win,8,intel,41,1.85,12490000,1,Intel,i3,15.6,1920,1080,FHD,SSD,512,Dell,12
Win,8,intel,41,1.85,16190000,1,Intel,i5,15.6,1920,1080,FHD,SSD,512,Dell,12
Win,8,intel,41,1.85,18079000,1,Intel,i5,14,1920,1080,FHD,SSD,256,Dell,32
Win,8,nvidia,55,1.86,19290000,1,Intel,i7,15.6,1920,1080,FHD,SSD,512,MSI,12
Win,8,nvidia,55,1.86,15790000,1,Intel,i5,15.6,1920,1080,FHD,SSD,512,MSI,12
Fedora,16,intel,42,1.86,18499000,1,Intel,i5,15.6,1920,1080,FHD,SSD,256,Dell,32
Fedora,16,intel,42,1.86,22699000,1,Intel,i7,15.6,1366,768,FHD,SSD,512,Dell,32
Fedora,16,intel,42,1.86,15999000,1,Intel,i3,15.6,1920,1080,FHD,SSD,256,Dell,32
Fedora,16,intel,42,1.86,25399000,1,Intel,i7,15.6,1920,1080,FHD,SSD,512,Dell,32
Fedora,16,intel,42,1.86,24699000,1,Intel,i7,15.6,1366,768,FHD,SSD,512,Dell,32
Win,8,amd,51,1.86,13990000,1,AMD,Ryzen 5,15.6,1920,1080,FHD,SSD,256,HP,12
Win,8,nvidia,51,1.86,18590000,1,Intel,i7,15.6,1920,1080,FHD,SSD,512,MSI,12
Win,8,nvidia,51,1.86,19490000,1,Intel,i5,15.6,1920,1080,FHD,SSD,512,MSI,12
Win,8,nvidia,51,1.86,17499000,1,Intel,i5,15.6,1920,1080,FHD,SSD,512,MSI,32
Win,8,nvidia,51,1.86,19999000,1,Intel,i7,15.6,1920,1080,FHD,SSD,512,MSI,64
Win,8,nvidia,51,1.86,13999000,1,Intel,i5,15.6,1920,1080,FHD,SSD,512,MSI,32
Win,8,nvidia,51,1.86,15999000,1,Intel,i5,15.6,1920,1080,FHD,SSD,512,MSI,64
Win,32,nvidia,86,1.86,58890000,1,Intel,i9,15.6,1920,1200,FHD,SSD,2048,Dell,48
Win,32,nvidia,86,1.86,51890000,1,Intel,i7,15.6,3456,2160,3.5K,SSD,1024,Dell,48
Win,32,nvidia,86,1.86,49890000,1,Intel,i7,15.6,1920,1200,FHD,SSD,1024,Dell,48
Win,16,intel,86,1.86,36990000,1,Intel,i7,15.6,1920,1200,FHD,SSD,1024,Dell,24
Win,32,nvidia,86,1.86,61990000,1,Intel,i9,15.6,3456,2160,3.5K,SSD,1024,Dell,48
Win,16,intel,86,1.86,35990000,1,Intel,i7,15.6,1920,1200,FHD,SSD,512,Dell,24
Win,16,nvidia,86,1.86,46990000,1,Intel,i7,15.6,1920,1200,FHD,SSD,1024,Dell,24
Win,16,nvidia,86,1.86,66790000,1,Intel,i7,15.6,3456,2160,3.5K,SSD,512,Dell,24
Win,16,nvidia,86,1.86,45990000,1,Intel,i7,15.6,1920,1200,FHD,SSD,512,Dell,24
Win,32,nvidia,86,1.86,71990000,1,Intel,i9,15.6,3456,2160,3.5K,SSD,1024,Dell,48
Win,16,intel,54,1.87,23699000,1,Intel,i7,16,1920,1200,FHD,SSD,512,Dell,32
Win,8,intel,54,1.87,17799000,1,Intel,i5,16,1920,1200,FHD,SSD,256,Dell,32
Ubuntu,16,nvidia,41,1.88,85399000,1,Intel,i9,15.6,3840,2400,FHD,SSD,512,Dell,32
Win,16,amd,42,1.88,14790000,1,AMD,Ryzen 7,16,1920,1200,WUXGA,SSD,512,Asus,24
Win,8,intel,42,1.88,14490000,1,Intel,i5,16,1920,1200,WUXGA,SSD,512,Asus,12
Win,16,intel,42,1.88,15499000,1,AMD,Ryzen 7,16,1920,1200,WUXGA,SSD,512,Asus,32
Win,16,nvidia,42,1.88,15499000,1,AMD,Ryzen 7,16,1920,1200,WUXGA,SSD,512,Asus,32
Ubuntu,16,nvidia,90,1.88,85399000,1,Intel,i9,15.6,3840,2400,FHD,SSD,512,Dell,32
Ubuntu,16,nvidia,90,1.88,73999000,1,Intel,i7,15.6,3840,2400,FHD,SSD,512,Dell,32
Win,16,nvidia,56,1.89,33999000,1,Intel,i7,15.6,1920,1080,FHD,SSD,512,Dell,32
Win,16,nvidia,56,1.89,35999000,1,Intel,i7,15.6,1920,1080,FHD,SSD,512,Dell,32
Win,4,intel,56.6,1.89,15999000,1,Intel,i5,16,1920,1200,WUXGA,SSD,1024,Lenovo,8
Win,4,intel,56.6,1.89,15999000,1,Intel,i5,16,1920,1200,WUXGA,SSD,1024,Lenovo,8
Win,4,nvidia,36,1.9,9999000,1,Intel,i3,14,1920,1080,FHD,SSD,256,Acer,20
Win,8,intel,53,1.9,17999000,1,Intel,i5,15.6,1920,1080,FHD,SSD,256,Dell,16
Win,8,nvidia,54,1.9,25190000,1,Intel,i5,15.6,1920,1080,FHD,SSD,512,Dell,12
Win,8,nvidia,54,1.9,20690000,1,Intel,i5,15.6,1920,1080,FHD,SSD,512,Dell,12
Win,16,nvidia,54,1.9,21190000,1,Intel,i5,15.6,1920,1080,FHD,SSD,512,Dell,24
Win,8,nvidia,54,1.9,23890000,1,Intel,i5,15.6,1920,1080,FHD,SSD,512,Dell,12
Win,8,nvidia,54,1.9,22590000,1,Intel,i5,15.6,1920,1080,FHD,SSD,512,Dell,12
Win,16,nvidia,54,1.9,25790000,1,Intel,i5,15.6,1920,1080,FHD,SSD,512,Dell,24
Win,8,nvidia,54,1.9,19490000,1,Intel,i5,15.6,1920,1080,FHD,SSD,512,Dell,12
Win,8,nvidia,54,1.9,17690000,1,Intel,i5,15.6,1920,1080,FHD,SSD,512,Dell,12
Win,8,nvidia,54,1.9,20990000,1,Intel,i5,15.6,1920,1080,FHD,SSD,512,Dell,12
Win,8,intel,54,1.9,21999000,1,Intel,i5,16,1920,1200,FHD,SSD,512,Dell,16
Win,8,intel,54,1.9,21499000,1,Intel,i5,16,1920,1200,FHD,SSD,512,Dell,16
Win,16,intel,54,1.9,23399000,1,Intel,i5,16,1920,1200,FHD,SSD,512,Dell,32
Win,16,nvidia,54,1.9,28999000,1,Intel,i7,16,1920,1200,FHD,SSD,512,Dell,32
Win,16,nvidia,54,1.9,28999000,1,Intel,i7,16,1920,1200,FHD,SSD,512,Dell,32
Win,8,nvidia,54,1.9,18999000,1,Intel,i5,15.6,1920,1080,FHD,HDD,512,Gigabyte,64
Win,8,nvidia,54,1.9,22000000,1,Intel,i5,15.6,1920,1080,FHD,SSD,512,Gigabyte,16
Win,16,nvidia,54,1.9,25399000,1,Intel,i5,15.6,1920,1080,FHD,SSD,512,Gigabyte,32
Win,16,nvidia,54,1.9,27599000,1,Intel,i7,15.6,1920,1080,FHD,SSD,512,Gigabyte,32
Win,16,nvidia,59,1.9,23999000,1,Intel,i5,14,1920,1080,FHD,SSD,512,Acer,32
Win,32,nvidia,90,1.9,44890000,1,AMD,Ryzen 9,15.6,2560,1440,QHD,SSD,1024,Asus,48
Win,16,nvidia,96,1.9,41990000,1,Intel,i9,16,3200,2000,3.2K,SSD,1024,Asus,24
Win,16,nvidia,96,1.9,25990000,1,Intel,i5,16,3200,2000,3.2K,SSD,512,Asus,24
Ubuntu,16,nvidia,100,1.91,76999000,1,Intel,i7,16,1920,1200,FHD,SSD,512,Dell,32
Ubuntu,16,nvidia,100,1.91,82999000,1,Intel,i7,16,1920,1200,FHD,SSD,512,Dell,32
Ubuntu,16,nvidia,100,1.91,98999000,1,Intel,i9,16,1920,1200,FHD,SSD,1024,Dell,32
Ubuntu,16,nvidia,100,1.91,82999000,1,Intel,i7,16,1920,1200,FHD,SSD,512,Dell,32
Ubuntu,16,nvidia,100,1.91,98999000,1,Intel,i9,16,1920,1200,FHD,SSD,1024,Dell,32
Win,8,intel,42,1.91,9999000,1,Intel,i3,14,1920,1080,FHD,SSD,256,Dell,16
Win,16,nvidia,54,1.91,23999000,1,Intel,i5,16,1920,1200,FHD,SSD,512,Dell,32
Win,16,nvidia,54,1.91,26699000,1,Intel,i7,16,1920,1200,FHD,SSD,512,Dell,32
Win,8,nvidia,54,1.91,20499000,1,Intel,i5,16,1920,1200,FHD,SSD,512,Dell,16
Win,8,intel,54,1.91,21299000,1,Intel,i7,16,1920,1200,FHD,SSD,512,Dell,16
Win,16,intel,55,1.91,21990000,1,Intel,i7,15.6,1920,1080,FHD,SSD,512,HP,24
Win,16,intel,66,1.92,43990000,1,Intel,i7,13,2880,1920,3K,SSD,512,Dell,24
Win,16,nvidia,86,1.92,44990000,1,Intel,i7,15.6,3456,2160,3.5K,SSD,1024,Dell,24
Win,16,nvidia,86,1.92,47690000,1,Intel,i7,15.6,3456,2160,3.5K,SSD,1024,Dell,24
Win,16,nvidia,86,1.92,38690000,1,Intel,i7,15.6,1920,1200,FHD,SSD,512,Dell,24
Win,16,nvidia,86,1.92,58890000,1,Intel,i7,17,1920,1200,FHD,SSD,1024,Dell,24
Win,16,nvidia,86,1.92,56890000,1,Intel,i7,17,1920,1200,FHD,SSD,512,Dell,24
Win,16,nvidia,86,1.92,61890000,1,Intel,i7,17,3840,2400,FHD,SSD,512,Dell,24
Win,8,intel,86,1.92,45990000,1,Intel,i5,17,1920,1200,FHD,SSD,512,Dell,12
Win,32,nvidia,86,1.92,55790000,1,Intel,i9,15.6,3456,2160,3.5K,SSD,1024,Dell,48
Win,32,nvidia,86,1.92,54290000,1,Intel,i7,15.6,3456,2160,3.5K,SSD,512,Dell,48
Win,16,nvidia,86,1.92,50390000,1,Intel,i9,15.6,1920,1200,FHD,SSD,1024,Dell,24
Win,16,intel,86,1.92,34690000,1,Intel,i5,15.6,1920,1200,FHD,SSD,256,Dell,24
Win,16,nvidia,86,1.92,52990000,1,Intel,i9,15.6,3456,2160,3.5K,SSD,1024,Dell,24
Win,16,nvidia,86,1.92,40790000,1,Intel,i7,15.6,1920,1200,FHD,SSD,512,Dell,24
Win,32,nvidia,86,1.92,63890000,1,Intel,i7,17,3840,2400,FHD,SSD,1024,Dell,48
Win,16,nvidia,86,1.92,43990000,1,Intel,i7,15.6,3456,2160,3.5K,SSD,512,Dell,24
Win,16,nvidia,75,1.95,19999000,1,AMD,Ryzen 5,16,2560,1600,2.5K,SSD,512,Lenovo,16
Win,16,nvidia,75,1.95,21999000,1,AMD,Ryzen 7,16,2560,1600,2.5K,SSD,512,Lenovo,16
Win,16,nvidia,75,1.95,24999000,1,AMD,Ryzen 7,16,2560,1600,2.5K,SSD,512,Lenovo,16
Win,16,nvidia,75,1.95,19999000,1,AMD,Ryzen 5,16,2560,1600,2.5K,SSD,512,Lenovo,16
Win,16,nvidia,86,1.96,67999000,1,Intel,i7,15.6,3456,2160,FHD,SSD,512,Dell,32
Win,16,intel,47,1.97,20690000,1,Intel,i5,16,1920,1200,WUXGA,SSD,512,Lenovo,24
No OS,8,intel,47,1.97,19690000,1,Intel,i5,16,1920,1200,WUXGA,SSD,512,Lenovo,12
No OS,16,intel,47,1.97,22990000,1,Intel,i7,16,1920,1200,WUXGA,SSD,512,Lenovo,24
Win,16,intel,47,1.97,27790000,1,Intel,i7,16,1920,1200,WUXGA,SSD,512,Lenovo,24
Win,8,nvidia,55,1.98,20590000,1,Intel,i5,15.6,1920,1080,FHD,SSD,512,MSI,12
Win,8,nvidia,57,1.98,16590000,1,Intel,i5,15.6,1920,1080,FHD,SSD,512,MSI,12
Win,8,nvidia,66,1.98,18290000,1,Intel,i5,15.6,1920,1080,FHD,SSD,512,MSI,12
Win,8,nvidia,55,1.98,22990000,1,Intel,i7,15.6,1920,1080,FHD,SSD,512,MSI,12
Win,8,nvidia,44,1.98,25890000,1,Intel,i7,15.6,1920,1080,FHD,SSD,512,MSI,12
Win,8,nvidia,53.5,1.98,18999000,1,Intel,i7,15.6,1920,1080,FHD,SSD,512,MSI,64
Win,8,nvidia,54,1.99,26490000,1,Intel,i5,15.6,1920,1080,FHD,SSD,512,Dell,12
Win,32,nvidia,99,1.99,77999000,1,Intel,i7,16,3840,2400,FHD,SSD,2048,MSI,64
Win,64,nvidia,76,2,29990000,1,Intel,i7,15.6,1920,1080,FHD,SSD,1024,Asus,96
Win,16,nvidia,76,2,27990000,1,Intel,i7,15.6,1920,1080,FHD,SSD,512,Asus,24
Win,64,nvidia,76,2,30990000,1,Intel,i7,15.6,1920,1080,FHD,SSD,2048,Asus,96
Win,16,nvidia,90,2,39490000,1,Intel,i7,16,1920,1200,FHD,SSD,512,Asus,24
Win,16,nvidia,90,2,35990000,1,Intel,i7,16,1920,1080,FHD,SSD,512,Asus,24
Win,16,nvidia,90,2,39999000,1,Intel,i7,16,1920,1200,FHD,SSD,512,Asus,48
Win,16,nvidia,96,2,19190000,1,Intel,i5,15.6,1920,1080,FHD,SSD,512,Dell,24
Win,8,amd,55,2.01,15990000,1,AMD,Ryzen 5,15.6,1920,1080,FHD,SSD,256,HP,12
Win,16,intel,83,2.02,34990000,1,Intel,i7,16,3072,1920,3K,SSD,512,HP,24
Win,16,amd,71,2.04,21490000,1,AMD,Ryzen 7,16,1920,1200,WUXGA,SSD,1024,Lenovo,24
Win,8,intel,71,2.04,17490000,1,Intel,i5,16,1920,1200,WUXGA,SSD,512,Lenovo,12
Win,16,intel,86,2.05,29990000,1,Intel,i7,16,3072,1920,3K,SSD,512,Dell,24
Win,16,intel,86,2.06,23990000,1,Intel,i7,16,1920,1080,FHD,SSD,1024,Dell,24
Win,16,nvidia,76,2.06,56999000,0,Intel,i7,15.6,1920,1080,FHD,SSD,512,Asus,32
Win,16,nvidia,54,2.08,25790000,1,Intel,i5,15.6,1920,1080,FHD,SSD,512,Dell,24
Win,16,nvidia,54,2.08,27990000,1,Intel,i7,15.6,1920,1080,FHD,SSD,512,Dell,24
Win,16,amd,50,2.1,15990000,1,AMD,Ryzen 5,16,1920,1200,WUXGA,SSD,512,Lenovo,24
Win,16,intel,50,2.1,18890000,1,Intel,i7,15.6,1920,1080,FHD,SSD,512,Acer,24
Win,16,nvidia,50,2.1,22990000,1,Intel,i7,15.6,1920,1080,FHD,SSD,512,Acer,24
Win,8,intel,50,2.1,13990000,1,Intel,i5,15.6,1920,1080,FHD,SSD,512,Acer,12
Win,16,intel,50,2.1,15190000,1,Intel,i5,15.6,1920,1080,FHD,SSD,512,Acer,24
Win,16,nvidia,50,2.1,20690000,1,Intel,i5,15.6,1920,1080,FHD,SSD,512,Acer,24
Win,8,nvidia,50,2.1,18790000,1,Intel,i5,15.6,1920,1080,FHD,SSD,512,Acer,12
Win,16,nvidia,50,2.1,23499000,1,Intel,i7,15.6,1920,1080,FHD,SSD,512,Acer,32
Win,16,nvidia,50,2.1,18999000,1,Intel,i5,15.6,1920,1080,FHD,SSD,1024,Acer,32
Win,16,nvidia,53,2.1,19990000,1,Intel,i7,15.6,1920,1080,FHD,SSD,1024,MSI,24
Win,16,nvidia,53.5,2.1,23999000,1,Intel,i7,15.6,1920,1080,FHD,SSD,512,MSI,32
Win,16,intel,55,2.1,19990000,1,Intel,i7,16,2560,1600,2.5K,SSD,512,Lenovo,24
Win,32,nvidia,90,2.1,71990000,1,Intel,i9,16,2560,1600,QHD,SSD,1024,Asus,48
Win,32,nvidia,90,2.1,72999000,1,Intel,i9,16,1920,1200,FHD,SSD,1024,Asus,64
Win,8,nvidia,96,2.12,17990000,1,AMD,Ryzen 5,15.6,1920,1080,FHD,SSD,512,Dell,12
Mac OS,16,nvidia,90,2.15,61999000,1,Intel,i7,16.2,3456,2234,FHD,SSD,512,Apple,16
Mac OS,16,nvidia,90,2.15,64499000,1,Intel,i7,16.2,3456,2234,FHD,SSD,1024,Apple,16
Mac OS,16,nvidia,90,2.15,64499000,1,Intel,i7,16.2,3456,2234,FHD,SSD,1024,Apple,16
Mac OS,16,nvidia,90,2.15,61999000,1,Intel,i7,16.2,3456,2234,FHD,SSD,512,Apple,16
Mac OS,32,nvidia,90,2.16,85999000,1,Intel,i7,16.2,3456,2234,FHD,SSD,1024,Apple,32
Win,8,nvidia,50,2.19,15590000,1,AMD,Ryzen 5,15.6,1920,1080,FHD,SSD,512,HP,12
Win,16,intel,87,2.19,25590000,1,Intel,i7,16,1920,1200,FHD,SSD,512,Dell,24
Win,8,intel,87,2.19,21990000,1,Intel,i5,16,1920,1200,FHD,SSD,512,Dell,12
Win,8,nvidia,55,2.2,24890000,1,Intel,i5,15.6,1920,1080,FHD,SSD,512,HP,12
Win,16,nvidia,65,2.2,25890000,1,Intel,i5,15.6,1920,1080,FHD,SSD,512,HP,24
Win,16,nvidia,56,2.2,19990000,1,Intel,i5,15.6,1920,1080,FHD,SSD,512,Asus,24
Win,8,nvidia,56,2.2,22990000,1,Intel,i7,15.6,1920,1080,FHD,SSD,512,Asus,12
Win,8,nvidia,56,2.2,18990000,1,Intel,i5,15.6,1920,1080,FHD,SSD,512,Asus,12
Win,8,nvidia,56,2.2,23699000,1,Intel,i7,15.6,1920,1080,FHD,SSD,512,Asus,32
Win,16,nvidia,90,2.2,30490000,1,AMD,Ryzen 7,15.6,1920,1080,FHD,SSD,1024,Asus,24
Win,16,nvidia,90,2.2,25290000,1,AMD,Ryzen 7,15.6,1920,1080,FHD,SSD,512,Asus,24
Win,16,nvidia,90,2.2,25590000,1,AMD,Ryzen 5,15.6,1920,1080,FHD,SSD,1024,Asus,24
Win,8,amd,90,2.2,24990000,1,AMD,Ryzen 7,16,1920,1200,FHD,SSD,512,Asus,12
Win,8,nvidia,90,2.2,26190000,1,AMD,Ryzen 7,15.6,1920,1080,FHD,SSD,512,Asus,12
Win,8,nvidia,90,2.2,37490000,1,AMD,Ryzen 9,15.6,1920,1080,FHD,SSD,512,Asus,12
Win,8,nvidia,90,2.2,23990000,1,AMD,Ryzen 7,15.6,1920,1080,FHD,SSD,512,Asus,12
Win,16,nvidia,90,2.2,26490000,1,Intel,i7,15.6,1920,1080,FHD,SSD,512,Asus,24
Win,16,nvidia,90,2.2,26490000,1,Intel,i7,15.6,1920,1080,FHD,SSD,512,Asus,24
Win,16,nvidia,90,2.2,31490000,1,Intel,i7,15.6,1920,1080,FHD,SSD,512,Asus,24
Win,16,nvidia,90,2.2,26490000,1,Intel,i7,15.6,1920,1080,FHD,SSD,512,Asus,24
Win,16,nvidia,90,2.2,27990000,1,Intel,i7,15.6,1920,1080,FHD,SSD,512,Asus,24
Win,16,nvidia,90,2.2,33990000,1,Intel,i9,15.6,1920,1080,FHD,SSD,512,Asus,24
Win,16,nvidia,90,2.2,58990000,1,Intel,i9,16,2560,1600,QHD,SSD,1024,Asus,24
Win,16,nvidia,90,2.2,36990000,1,Intel,i7,16,1920,1200,WUXGA,SSD,1024,MSI,24
Win,8,nvidia,90,2.2,24599000,1,AMD,Ryzen 7,15.6,1920,1080,FHD,SSD,512,Asus,32
Win,16,nvidia,90,2.2,59499000,1,Intel,i9,16,2560,1600,QHD,SSD,1024,Asus,64
Win,8,nvidia,90,2.2,28999000,1,Intel,i7,15.6,1920,1080,FHD,SSD,512,Asus,32
Win,8,nvidia,44,2.25,21590000,1,Intel,i7,15.6,1920,1080,FHD,SSD,512,MSI,12
Win,16,nvidia,55,2.25,25490000,1,Intel,i7,15.6,1920,1080,FHD,SSD,512,MSI,24
Win,16,nvidia,55,2.25,28590000,1,Intel,i7,15.6,1920,1080,FHD,SSD,1024,MSI,24
Win,8,nvidia,55,2.25,25990000,1,Intel,i7,15.6,1920,1080,FHD,SSD,512,MSI,12
Win,16,nvidia,55,2.25,37990000,1,Intel,i7,15.6,1920,1080,FHD,SSD,1024,MSI,24
Win,16,nvidia,99,2.25,34890000,1,Intel,i7,15.6,2560,1440,QHD,SSD,1024,Dell,24
Win,8,nvidia,99,2.25,27490000,1,Intel,i5,15.6,1980,1080,FHD,SSD,512,Dell,12
Win,8,nvidia,53.5,2.26,37499000,1,Intel,i7,16,1920,1200,FHD,SSD,512,MSI,64
Win,16,nvidia,87,2.27,57490000,1,Intel,i7,15.6,1920,1080,FHD,SSD,512,Dell,24
Win,32,nvidia,87,2.27,87990000,1,Intel,i9,15.6,1920,1080,FHD,SSD,1024,Dell,48
Win,16,nvidia,87,2.27,62990000,1,Intel,i7,15.6,1920,1080,FHD,SSD,1024,Dell,24
Win,8,nvidia,48,2.28,26769000,1,Intel,i7,15.6,1920,1080,FHD,SSD,512,Asus,16
Win,8,nvidia,50,2.29,23490000,1,AMD,Ryzen 5,15.6,1920,1080,FHD,SSD,512,HP,12
Win,16,nvidia,50,2.29,24390000,1,AMD,Ryzen 5,15.6,1920,1080,FHD,SSD,512,HP,24
Win,16,nvidia,70,2.29,30990000,1,Intel,i7,15.6,1920,1080,FHD,SSD,512,HP,24
Win,8,nvidia,70,2.29,28490000,1,Intel,i7,15.6,1920,1080,FHD,SSD,512,HP,12
Win,16,nvidia,70,2.29,28690000,1,Intel,i5,15.6,1920,1080,FHD,SSD,512,HP,24
Win,16,nvidia,70,2.29,28990000,1,Intel,i5,15.6,1920,1080,FHD,SSD,1024,HP,24
Win,8,nvidia,70,2.29,18990000,1,Intel,i5,15.6,1920,1080,FHD,SSD,512,HP,12
Win,16,nvidia,70,2.29,30890000,1,Intel,i7,15.6,1920,1080,FHD,SSD,512,HP,24
Win,8,nvidia,48,2.3,14990000,1,AMD,Ryzen 5,15.6,1920,1080,FHD,SSD,512,Asus,12
Win,16,nvidia,48,2.3,19990000,1,Intel,i5,15.6,1920,1080,FHD,SSD,512,Asus,24
Win,8,nvidia,48,2.3,15990000,1,Intel,i5,15.6,1920,1080,FHD,SSD,512,Asus,12
Win,8,nvidia,48,2.3,18990000,1,Intel,i7,15.6,1920,1080,FHD,SSD,512,Asus,12
Win,16,nvidia,54,2.3,27990000,1,Intel,i7,16,1920,1200,FHD,SSD,512,Dell,24
Win,32,nvidia,83,2.3,56890000,1,Intel,i7,16.1,2560,1440,QHD,SSD,1024,HP,48
Win,32,nvidia,83,2.3,66990000,1,Intel,i9,16.1,2560,1440,QHD,SSD,1024,HP,48
Win,16,nvidia,90,2.3,33990000,1,Intel,i7,16,3200,2000,3.2K,SSD,1024,Asus,24
Win,16,nvidia,90,2.3,32790000,1,Intel,i7,15.6,1920,1080,FHD,SSD,512,Dell,24
Win,16,nvidia,90,2.3,33990000,1,Intel,i7,15.6,1920,1080,FHD,SSD,512,Dell,24
Win,16,nvidia,90,2.3,45999000,1,Intel,i7,15.6,2560,1440,QHD,SSD,512,Acer,32
Win,16,nvidia,90,2.3,26999000,1,Intel,,15.6,2560,1440,QHD,SSD,1024,MSI,64
Win,16,nvidia,99,2.3,45999000,1,Intel,i7,15.6,1920,1080,FHD,SSD,2048,Gigabyte,32
Win,16,nvidia,70,2.31,28490000,1,AMD,Ryzen 7,16.1,1920,1080,FHD,SSD,512,HP,24
Win,16,nvidia,70,2.31,26290000,1,AMD,Ryzen 5,16.1,1920,1080,FHD,SSD,512,HP,24
Win,16,nvidia,70,2.31,27990000,1,Intel,i5,16.1,1920,1080,FHD,SSD,512,HP,24
Win,16,nvidia,70,2.31,29990000,1,Intel,i7,16.1,1920,1080,FHD,SSD,512,HP,24
Win,16,nvidia,70,2.31,30390000,1,Intel,i5,16.1,1920,1080,FHD,SSD,512,HP,24
Win,16,nvidia,70,2.31,36490000,1,Intel,i7,16.1,1920,1080,FHD,SSD,512,HP,24
Win,16,nvidia,97,2.31,97990000,1,Intel,i9,17,3840,2400,FHD,SSD,512,Dell,24
Win,8,nvidia,60,2.32,17999000,1,AMD,Ryzen 5,15.6,1920,1080,FHD,SSD,512,Lenovo,16
Win,8,nvidia,60,2.32,17999000,1,AMD,Ryzen 5,15.6,1920,1080,FHD,SSD,512,Lenovo,16
Win,16,amd,53.5,2.35,16999000,1,Intel,i7,15.6,1920,1080,FHD,SSD,512,MSI,64
Win,8,nvidia,80,2.35,24999000,1,AMD,Ryzen 5,15.6,1920,1080,FHD,SSD,512,Lenovo,16
Win,8,amd,90,2.35,18999000,1,AMD,Ryzen 5,15.6,1920,1080,FHD,SSD,512,MSI,64
Win,16,nvidia,60,2.4,18999000,1,Intel,i5,15.6,1920,1080,FHD,SSD,512,Lenovo,32
Win,8,nvidia,60,2.4,18999000,1,Intel,i5,15.6,1920,1080,FHD,SSD,512,Lenovo,16
Win,8,nvidia,70,2.4,20999000,1,Intel,i5,16.1,1920,1080,FHD,SSD,512,HP,16
Win,16,nvidia,80,2.4,32999000,1,Intel,i7,15.6,2560,1440,QHD,SSD,512,Lenovo,32
Win,8,nvidia,80,2.4,39499000,1,Intel,i7,16,2560,1600,FHD,SSD,1024,Lenovo,16
Win,16,nvidia,80,2.4,34999000,1,Intel,i7,15.6,1920,1080,FHD,SSD,512,Lenovo,32
Win,16,nvidia,90,2.4,34990000,1,Intel,i7,15.6,2560,1440,QHD,SSD,512,Acer,24
Win,32,nvidia,90,2.4,59990000,1,Intel,i9,16,3840,2400,4K,SSD,1024,Asus,48
Win,32,nvidia,90,2.4,69990000,1,Intel,i9,16,3840,2400,4K,SSD,1024,Asus,48
Win,16,nvidia,90,2.4,44990000,1,Intel,i7,15.6,2560,1440,QHD,SSD,512,Acer,24
Win,32,nvidia,96,2.4,48990000,1,Intel,i9,16,3840,2400,FHD,SSD,1024,Asus,48
Win,16,nvidia,99,2.4,34990000,1,Intel,i7,15.6,2560,1440,QHD,SSD,512,Dell,24
Win,16,nvidia,99,2.4,36999000,1,Intel,i7,15.6,1920,1080,FHD,SSD,1024,Gigabyte,32
Win,16,nvidia,86,2.42,52990000,1,Intel,i7,15.6,2560,1440,QHD,SSD,512,Dell,24
Win,16,nvidia,86,2.42,54490000,1,Intel,i7,15.6,2560,1440,QHD,SSD,1024,Dell,24
Win,16,nvidia,86,2.42,45990000,1,Intel,i7,15.6,2560,1440,QHD,SSD,1024,Dell,24
Win,16,nvidia,86,2.42,39990000,1,Intel,i7,15.6,1920,1080,FHD,SSD,1024,Dell,24
Win,32,nvidia,97,2.42,48890000,1,Intel,i7,17,3840,2400,FHD,SSD,1024,Dell,48
Win,16,intel,97,2.42,56999000,1,Intel,i7,14,1920,1080,FHD,SSD,1024,Dell,64
Win,16,nvidia,90,2.45,54999000,1,Intel,,16,1920,1080,QHD,SSD,2048,MSI,64
Win,16,nvidia,90,2.45,59999000,1,Intel,,17,1920,1080,QHD,SSD,2048,MSI,64
Ubuntu,16,nvidia,95,2.45,77499000,1,Intel,i7,15.6,1920,1080,FHD,SSD,512,Dell,32
Win,8,nvidia,90,2.46,17590000,1,AMD,Ryzen 5,16.1,1920,1080,FHD,SSD,512,HP,12
Win,8,nvidia,54,2.49,22790000,1,Intel,i5,17.3,1920,1080,FHD,SSD,512,Dell,12
Win,16,nvidia,55,2.5,22990000,1,Intel,i7,15.6,1920,1080,FHD,SSD,512,Acer,24
Win,16,nvidia,56,2.5,20690000,1,Intel,i5,15.6,1920,1080,FHD,SSD,512,Acer,24
Win,16,nvidia,44,2.5,24990000,1,Intel,i7,15.6,1920,1080,FHD,SSD,1024,Acer,24
Win,8,nvidia,77,2.5,25590000,1,Intel,i5,15.6,1920,1080,FHD,SSD,512,Acer,12
Win,8,nvidia,57,2.5,24890000,1,Intel,i7,15.6,1920,1080,FHD,SSD,512,Acer,12
Win,8,nvidia,57,2.5,22890000,1,Intel,i5,15.6,1920,1080,FHD,SSD,512,Acer,12
Win,16,nvidia,90,2.5,22990000,1,AMD,Ryzen 7,15.6,2560,1440,2K,SSD,512,Acer,24
Win,8,nvidia,90,2.5,17490000,1,Intel,i5,15.6,1920,1080,FHD,SSD,512,Acer,12
Win,16,nvidia,90,2.5,29500000,1,Intel,i7,15.6,1920,1080,FHD,SSD,512,Acer,24
Win,16,nvidia,90,2.5,26690000,1,Intel,i5,15.6,1920,1080,FHD,SSD,512,Acer,24
Win,16,nvidia,90,2.5,27990000,1,Intel,i9,15.6,1920,1080,FHD,SSD,512,Acer,24
Win,16,nvidia,90,2.5,30990000,1,Intel,i5,15.6,1920,1080,FHD,SSD,512,Acer,24
Win,16,nvidia,90,2.5,40990000,1,Intel,i7,15.6,1920,1080,QHD,SSD,512,Asus,24
Win,8,nvidia,90,2.5,31990000,1,Intel,i5,15.6,1920,1080,FHD,SSD,512,Asus,12
Win,16,nvidia,90,2.5,53890000,1,Intel,i7,15.6,1920,1080,QHD,SSD,1024,Asus,24
Win,8,nvidia,90,2.5,22490000,1,Intel,i5,15.6,1920,1080,FHD,SSD,512,Acer,12
Win,16,nvidia,90,2.5,35990000,1,Intel,i7,15.6,1920,1080,FHD,SSD,512,Acer,24
Win,8,nvidia,90,2.5,24190000,1,Intel,i7,15.6,1920,1080,FHD,SSD,512,Acer,12
Win,32,nvidia,90,2.5,85990000,1,Intel,i9,15.6,1920,1080,QHD,SSD,1024,Asus,48
Win,8,nvidia,90,2.5,26990000,1,Intel,i7,15.6,1920,1080,FHD,SSD,512,Acer,12
Win,16,nvidia,90,2.5,45990000,1,Intel,i9,15.6,1920,1080,QHD,SSD,1024,Asus,24
Win,16,nvidia,90,2.5,36490000,1,Intel,i7,15.6,1920,1080,FHD,SSD,512,Asus,24
Win,16,nvidia,90,2.5,41999000,1,Intel,i7,16,2560,1600,QHD,SSD,512,Asus,32
Win,8,nvidia,90,2.5,25799000,1,Intel,i5,15.6,1920,1080,FHD,SSD,512,Acer,16
Win,16,nvidia,90,2.5,37489000,1,Intel,i7,15.6,1920,1080,FHD,SSD,512,Acer,32
Win,16,nvidia,90,2.5,37999000,1,Intel,i7,16,1920,1200,FHD,SSD,512,Asus,32
Win,16,nvidia,90,2.5,53999000,1,Intel,i7,16,1920,1200,FHD,SSD,1024,Asus,32
Win,32,nvidia,84,2.54,150999000,1,Intel,i7,15.6,3840,2160,4K,SSD,2048,Asus,64
Win,32,nvidia,84,2.54,80299000,1,Intel,i7,15.6,3840,2160,4K,SSD,1024,Asus,64
Win,8,nvidia,80,2.55,44999000,1,Intel,i9,16,2560,1600,FHD,SSD,1024,Lenovo,16
Win,8,nvidia,80,2.55,51999000,1,Intel,i9,16,2560,1600,FHD,SSD,1024,Lenovo,16
Win,16,nvidia,90,2.59,29990000,1,Intel,i7,15.6,1920,1080,FHD,SSD,512,Acer,24
Win,8,nvidia,76,2.6,24999000,0,AMD,Ryzen 7,14,2560,1440,QHD,SSD,512,Asus,16
Win,16,nvidia,76,2.6,19499000,1,Intel,i5,15.6,1920,1080,FHD,SSD,512,Asus,32
Win,16,nvidia,83,2.6,78999000,1,Intel,i7,16,1920,1200,FHD,SSD,1024,Dell,32
Win,16,nvidia,83,2.6,85999000,1,Intel,i9,16,1920,1200,FHD,SSD,1024,Dell,32
Ubuntu,16,nvidia,83,2.6,72699000,1,Intel,i7,16,1920,1200,FHD,SSD,512,Dell,32
Ubuntu,16,nvidia,83,2.6,72699000,1,Intel,i7,16,1920,1200,FHD,SSD,512,Dell,32
Win,16,nvidia,83,2.6,78999000,1,Intel,i7,16,1920,1200,FHD,SSD,1024,Dell,32
Win,16,nvidia,83,2.6,85999000,1,Intel,i9,16,1920,1200,FHD,SSD,1024,Dell,32
Win,32,nvidia,90,2.6,108990000,1,AMD,Ryzen 9,16,2560,1600,FHD,SSD,1024,Asus,48
Win,16,nvidia,90,2.6,23990000,1,Intel,i5,16,1900,1200,FHD,SSD,512,Acer,24
Win,16,nvidia,90,2.6,35990000,1,Intel,i5,16,2560,1600,FHD,SSD,512,Acer,24
Win,32,nvidia,90,2.6,112490000,1,Intel,i9,16,2560,1600,FHD,SSD,2048,Acer,48
Win,8,nvidia,90,2.6,34290000,1,Intel,i5,16,2560,1600,FHD,SSD,512,Acer,12
Win,8,nvidia,90,2.6,36490000,1,Intel,i7,16,2560,1600,FHD,SSD,512,Acer,12
Win,16,nvidia,90,2.6,37890000,1,Intel,i5,16,2560,1600,FHD,SSD,512,Acer,24
Win,16,nvidia,90,2.6,52990000,1,Intel,i7,16,2560,1600,FHD,SSD,512,Acer,24
Win,16,nvidia,90,2.6,39790000,1,Intel,i7,16,2560,1600,FHD,SSD,512,Acer,24
Win,16,nvidia,90,2.6,37690000,1,Intel,i5,16,2560,1600,FHD,SSD,512,Acer,24
Win,16,nvidia,90,2.6,42990000,1,Intel,i7,16,2560,1600,FHD,SSD,512,Acer,24
Win,8,nvidia,90,2.6,37999000,0,AMD,Ryzen 9,15.6,1920,1080,FHD,SSD,512,Asus,32
Win,8,nvidia,90,2.6,19199000,0,AMD,Ryzen 7,15.6,1920,1080,FHD,SSD,512,Asus,64
Win,8,nvidia,90,2.6,26499000,0,Intel,i7,15.6,1920,1080,FHD,SSD,512,Asus,32
Dos,16,nvidia,90,2.6,49989000,1,Intel,i7,15.6,1920,1080,FHD,SSD,256,HP,32
Dos,8,intel,90,2.6,22999000,1,Intel,i5,14,1920,1200,WUXGA,SSD,256,LG,8
Dos,16,intel,90,2.6,34999000,1,Intel,i5,16,2560,1600,FHD,SSD,512,LG,16
Win,16,nvidia,90,2.6,39699000,1,Intel,i5,16,2560,1600,FHD,SSD,512,Acer,32
Win,16,nvidia,90,2.6,39999000,1,Intel,i5,16,2560,1600,FHD,SSD,512,Acer,32
Win,8,nvidia,90,2.6,34699000,1,Intel,i5,16,2560,1600,FHD,SSD,512,Acer,16
Win,8,nvidia,90,2.6,34999000,0,Intel,i7,15.6,1920,1080,FHD,SSD,512,Asus,32
Win,32,nvidia,90,2.6,52999000,1,Intel,i7,16,2560,1600,FHD,SSD,512,Acer,64
Win,16,nvidia,90,2.6,39999000,1,Intel,i7,16,2560,1600,FHD,SSD,512,Acer,32
Ubuntu,16,nvidia,83,2.67,70990000,1,Intel,i7,16,1920,1200,FHD,SSD,512,Dell,24
Win,32,nvidia,83,2.67,77990000,1,Intel,i7,16,1920,1200,FHD,SSD,1024,Dell,48
Win,32,nvidia,83,2.67,84990000,1,Intel,i9,16,1920,1200,FHD,SSD,1024,Dell,48
Win,16,nvidia,83,2.67,45990000,1,Intel,i7,15.6,1920,1200,FHD,SSD,512,Dell,24
Win,32,nvidia,83,2.67,59990000,1,Intel,i7,15.6,3840,2400,FHD,SSD,512,Dell,48
Win,64,nvidia,83,2.67,81990000,1,Intel,i7,15.6,1920,1200,FHD,SSD,512,Dell,96
Win,32,nvidia,83,2.67,47490000,1,Intel,i7,15.6,1920,1200,FHD,SSD,512,Dell,48
Win,32,nvidia,85,2.67,54990000,1,Intel,i7,15.6,1920,1200,FHD,SSD,512,Dell,48
Win,32,nvidia,90,2.67,118999000,1,AMD,Ryzen 9,16,2560,1600,QHD,SSD,1024,Asus,64
Win,16,nvidia,86,2.69,43990000,1,Intel,i7,15.6,2560,1440,QHD,SSD,1024,Dell,24
Win,32,nvidia,90,2.69,39999000,1,Intel,i7,15.6,2560,1440,QHD,SSD,1024,Dell,64
Win,16,nvidia,90,2.7,37890000,1,AMD,Ryzen 7,16,1920,1200,WUXGA,SSD,512,Acer,24
Win,8,nvidia,90,2.7,28690000,1,AMD,Ryzen 5,16,1920,1200,WUXGA,SSD,512,Acer,12
Win,16,nvidia,90,2.7,38990000,1,AMD,Ryzen 9,16,1920,1200,WUXGA,SSD,512,Acer,24
Win,8,nvidia,90,2.7,33790000,1,AMD,Ryzen 7,16,1920,1200,WUXGA,SSD,512,Acer,12
Win,8,nvidia,90,2.7,28290000,1,AMD,Ryzen 5,16,1920,1200,WUXGA,SSD,512,Acer,12
Win,16,nvidia,90,2.7,19990000,1,AMD,Ryzen 5,16,1920,1200,WUXGA,SSD,512,Acer,24
Win,16,nvidia,90,2.7,24990000,1,AMD,Ryzen 7,16,1920,1200,WUXGA,SSD,512,Acer,24
Win,16,nvidia,90,2.7,21990000,1,AMD,Ryzen 5,16,1920,1200,WUXGA,SSD,512,Acer,24
Win,8,nvidia,90,2.7,22990000,1,Intel,i5,16,1920,1200,WUXGA,SSD,512,Acer,12
Win,16,nvidia,90,2.7,42999000,1,Intel,i7,16,2560,1600,FHD,SSD,512,Acer,32
Win,16,nvidia,99,2.7,45490000,1,Intel,i7,15.6,1920,1080,FHD,SSD,1024,Dell,24
Win,16,nvidia,99,2.7,44990000,1,Intel,i7,17.3,1920,1080,FHD,SSD,1024,Dell,24
Win,16,nvidia,99,2.7,54099000,1,Intel,i7,17.3,1920,1080,FHD,SSD,1024,Gigabyte,32
Win,8,nvidia,56,2.72,20999000,1,AMD,Ryzen 5,15.6,1920,1080,FHD,SSD,512,Dell,32
Win,16,nvidia,90,2.8,34990000,1,Intel,i7,17.3,1920,1080,FHD,SSD,1024,Dell,24
Win,8,nvidia,90,2.8,22890000,1,Intel,i5,17.3,1920,1080,FHD,SSD,512,Acer,12
Win,32,nvidia,90,2.8,59999000,1,Intel,,17.3,2560,1440,QHD,SSD,2048,MSI,64
Win,32,nvidia,90,2.9,42990000,1,AMD,Ryzen 9,15.6,2560,1440,QHD,SSD,1024,Asus,48
Win,64,nvidia,90,2.9,109999000,1,Intel,i7,17.3,2560,1600,QHD,SSD,2048,MSI,64
Win,32,nvidia,87,2.96,118990000,1,Intel,i9,17.3,3840,2160,FHD,SSD,2048,Dell,48
Win,32,nvidia,87,2.96,98990000,1,Intel,i9,17.3,3840,2160,FHD,SSD,1024,Dell,48
Win,16,nvidia,90,3,26990000,1,AMD,Ryzen 7,17.3,1920,1080,FHD,SSD,1024,Acer,24
Win,32,nvidia,90,3,73990000,1,AMD,Ryzen 9,17.3,2560,1440,QHD,SSD,1024,Asus,48
Win,16,nvidia,90,3,29990000,1,AMD,Ryzen 7,17.3,2560,1600,QHD,SSD,1024,Acer,24
Win,8,nvidia,90,3,32690000,1,Intel,i5,17.3,1920,1080,FHD,SSD,512,Acer,12
Win,32,nvidia,90,3,64999000,1,Intel,i9,18,2560,1600,QHD,SSD,1024,Asus,64
Win,32,nvidia,93,3.01,65990000,1,Intel,i7,15.6,1920,1080,FHD,SSD,1024,Dell,48
Win,64,nvidia,93,3.01,124990000,1,Intel,i9,15.6,1920,1080,FHD,SSD,2048,Dell,96
Win,16,nvidia,87,3.02,56990000,1,Intel,i7,17.3,1920,1080,FHD,SSD,512,Dell,24
Win,16,nvidia,87,3.02,58490000,1,Intel,i7,17.3,1920,1080,FHD,SSD,1024,Dell,24
Win,32,nvidia,87,3.02,77990000,1,Intel,i7,17.3,1920,1080,FHD,SSD,1024,Dell,48
Win,64,nvidia,90,3.1,110990000,1,Intel,i9,15.6,1920,1080,QHD,SSD,2048,Asus,96
Win,32,nvidia,90,3.1,114490000,1,Intel,i9,18,2560,1600,FHD,SSD,2048,Acer,48
Win,16,nvidia,90,3.1,69990000,1,Intel,i9,15.6,1920,1080,QHD,SSD,1024,Asus,24
Win,64,nvidia,86,3.25,108990000,1,Intel,i9,16,1920,1200,FHD,SSD,2048,Dell,96
Win,32,nvidia,90,3.3,61990000,1,Intel,i9,15.6,1920,1080,QHD,SSD,1024,Asus,48
Win,16,nvidia,90,3.3,67890000,1,Intel,i9,15.6,1920,1080,QHD,SSD,1024,Asus,24
Win,64,nvidia,90,3.3,135099000,1,Intel,,17.3,3840,2160,FHD,SSD,2048,MSI,128
Win,16,nvidia,97,3.3,59990000,1,AMD,Ryzen 9,17.3,1920,1080,FHD,SSD,1024,Dell,24
Win,8,intel,45,2.1,13499000,1,Intel,i5,15.6,1920,1080,FHD,SSD,512,Lenovo,16
