,name,brand,chipset,chipset_gen,ram,ram_max,vga,storage_type,storage,os,screen_size,screen_revolution,battery,webcam,weight,price,screen_pixels,screen_width,screen_height
0,Laptop Lenovo Gaming LOQ 15APH8 (82XT00AKVN) (R7 7840HS/16GB RAM/512GB SSD/15.6 FHD 144hz/RTX 4050 6G/Win11/Xám),Lenovo,AMD,Ryzen 7,8,16,nvidia,SSD,512,Windows 11,15.6,FHD,60.0,1,2.4 ,25349000,1920x1080,1920,1080
1,Laptop Lenovo IdeaPad Gaming 3 15ARH7 (82SB00BBVN) (R5 6600H/16GB RAM/512GB SSD/15.6 FHD 120Hz/RTX 3050 4GB/Win11/Xám),Lenovo,AMD,Ryzen 5,8,16,nvidia,SSD,512,Windows 11,15.6,FHD,60.0,1,2.32 ,17299000,1920x1080,1920,1080
2,Laptop MSI Alpha 15 (B5EEK-203VN) (Ryzen 5 5600H/8GB RAM/512GBSSD/15.6 inch FHD 144Hz/RX6600M 8GB/Win11/Đen),MSI,AMD,Ryzen 5,8,64,amd,SSD,512,Windows 11,15.6,FHD,90.0,1,2.35 ,19299000,1920x1080,1920,1080
3,Laptop Asus VivoBook M7600QC-L2077W (R5 5600H/16GB RAM/512GB SSD/16 Oled 2.8K/RTX3050 4GB/Win11/Đen),Asus,AMD,Ryzen 5,16,16,nvidia,SSD,512,Windows 11,16,4K,96.0,1,1.30 ,28299000,3840x2400,3840,2400
4,Laptop Acer Gaming Nitro 16 Phoenix AN16-41-R5M4 (NH.QKBSV.003) (R5 7535HS/8GB Ram/512GB SSD/RTX4050 6G/16 inch FHD 165Hz/Win 11/Đen) ,Acer,AMD,Ryzen 5,8,16,intel,SSD,512,Windows 11,15.6,FHD,90.0,1,2.7 ,29999000,1920x1080,1920,1080
5,Laptop Asus Gaming TUF FA507NU-LP034W (R7 7735HS/8GB RAM/512GB SSD/15.6 FHD 144hz/RTX 4050 6GB/Win11/Xám),Asus,AMD,Ryzen 7,8,32,nvidia,SSD,512,Windows 11,15.6,FHD,90.0,1,2.20 ,22349000,1920x1080,1920,1080
6,Laptop MSI Gaming Bravo 15 (C7VFK-275VN) (R7- 7735HS/16GB RAM/512GB SSD/RTX4060 8GB/15.6 inch FHD 144Hz/Win 11/Đen) (2023),MSI,AMD,Ryzen 7,16,64,nvidia,SSD,512,Windows 11,15.6,FHD,53.5,1,2.35 ,27840000,1920x1080,1920,1080
7,Laptop Acer Gaming Nitro 16 Phoenix AN16-41-R50Z (NH.QLKSV.001) (R5 7640HS/8GB RAM/512GB SSD/RTX4050 6G/16 inch FHD 165Hz/Win 11/Đen) (2023),Acer,AMD,Ryzen 5,8,16,intel,SSD,512,Windows 11,15.6,FHD,90.0,1,2.7 ,29299000,1920x1080,1920,1080
8,"Laptop Lenovo IdeaPad Slim 5 Pro 16ARH7 (82SN003GVN) (R7 6800HS/16GB RAM/512GB SSD/16"" WQXGA/RTX 3050Ti 4GB/Win11/Xám)",Lenovo,AMD,Ryzen 7,16,16,nvidia,SSD,512,Windows 11,16,2.5K,75.0,1,1.95 ,22349000,2560x1600,2560,1600
9,Laptop Acer Gaming Aspire 7 A715-43G-R8GA (NH.QHDSV.002) (R5 5625U/8GB RAM/512GB SSD/15.6 inch FHD 144Hz/RTX3050 4G/Win11/Đen) ,Acer,AMD,Ryzen 5,8,16,intel,SSD,1024,Windows 11,15.6,FHD,50.0,1,2.1,16299000,1920x1080,1920,1080
10,Laptop Lenovo Gaming 3 15ACH6 (82K2027QVN) (R5 5500H/8GB RAM/512GB SSD/15.6 FHD 144hz/RTX 2050 4G/Win11/Xám),Lenovo,AMD,Ryzen 5,8,16,nvidia,SSD,512,Windows 11,15.6,FHD,45.0,1,2.25 ,14799000,1920x1080,1920,1080
11,Laptop Asus Gaming TUF FA507NV-LP046W (R7 7735HS/8GB RAM/512GB SSD/15.6 FHD 144Hz/RTX 4060 8GB/Win11/Xám),Asus,AMD,Ryzen 7,8,32,nvidia,SSD,512,Windows 11,15.6,FHD,90.0,0,1.7,26349000,1920x1080,1920,1080
12,Laptop Asus Gaming TUF FA506NC-HN011W (R5 7535HS/8GB RAM/512GB SSD/15.6 FHD 144hz/RTX3050 4GB/Win11/Đen),Asus,AMD,Ryzen 5,8,32,nvidia,SSD,512,Windows 11,15.6,FHD,48.0,1,1.7,18099000,1920x1080,1920,1080
13,Laptop Asus Gaming TUF FA507NU-LP131W (R5 7535HS/16GB RAM/1TB SSD/15.6 FHD 144hz/RTX 4050 6GB/Win11/Xám),Asus,AMD,Ryzen 5,16,32,nvidia,SSD,1024,Windows 11,15.6,FHD,90.0,1,2.20,22799000,1920x1080,1920,1080
14,Laptop Acer Aspire 3 A314-42P-R3B3 (NX.KSFSV.001) ((R7-5700U/16GB RAM/ 512GB SSD/14 inch FHD+/Win11/Bạc) ,Acer,AMD,Ryzen 7,16,16,amd,SSD,512,Windows 11,14,WUXGA,50.0,1,1.4,12649000,1920x1200,1920,1200
15,Laptop MSI Modern 15 (B7M-238VN) (R7 7730U/16GB RAM/512GB SSD/15.6 inch FHD/Win11/Đen),MSI,AMD,Ryzen 7,16,16,amd,SSD,512,Windows 11,15.6,FHD,39.0,1,1.75 ,13949000,1920x1080,1920,1080
16,Laptop Asus VivoBook M1605YA-MB303W (R7 7730U/16GB RAM/512GB SSD/16 WUXGA/Win11/Bạc),Asus,AMD,Ryzen 7,16,16,intel,SSD,512,Windows 11,16.0,WUXGA,42.0,1,1.88 ,15349000,1920x1200,1920,1200
17,Laptop Asus VivoBook TN3402YA-LZ192W (R5 7530U/16GB RAM/512GB SSD/14 Cảm ứng/Win11/Bạc),Asus,AMD,Ryzen 5,8,32,amd,SSD,512,Windows 11,14,WUXGA,50.0,1,1.7,15799000,1920x1200,1920,1200
18,LAPTOP ACER SWIFT 3 SF314-44-R2U3 (NX.K0WSV.001) (R5 5625U/16GB RAM/512GB SSD/14.0 INCH FHD/WIN11/HỒNG/VỎ NHÔM),Acer,AMD,Ryzen 5,16,16,amd,SSD,512,Windows 11,14.0,FHD,50.0,1,1.2,16299000,1920x1080,1920,1080
19,LAPTOP ACER ASPIRE 3 A314-23M-R4TX (NX.KEXSV.001) (R5 7520U/8GB RAM/512GB SSD/14.0 INCH FHD/Win 11/Bạc/Vỏ nhôm),Acer,AMD,Ryzen 5,8,8,amd,SSD,512,Windows 11,14.0,FHD,40.0,1,1.4,12299000,1920x1080,1920,1080
20,Laptop Lenovo IdeaPad Slim 5 Pro 16ARH7 (82SN003HVN) (R5 6600HS/16GB RAM/512GB SSD/16 WQXGA 120Hz/RTX 3050Ti 4GB/Win11/Xám),Lenovo,AMD,Ryzen 5,16,16,nvidia,SSD,512,Windows 11,16,2.5K,75.0,1,1.95 ,19299000,2560x1600,2560,1600
21,Laptop MSI Modern 14 (C7M-083VN) (R5 7530U/8GB RAM/512GB SSD/14.0 inch FHD/Win11/Đen),MSI,AMD,Ryzen 5,8,8,amd,SSD,512,Windows 11,14,FHD,39.0,1,1.4 ,12290000,1920x1080,1920,1080
22,Laptop MSI Modern 15 (B7M-098VN) (R7 7730U/8GB RAM/512GB SSD/15.6 inch FHD/Win11/Đen),MSI,AMD,Ryzen 7,8,8,amd,SSD,512,Windows 11,15.6,FHD,39.0,1,1.7,15340000,1920x1080,1920,1080
23,Laptop MSI Modern 15 (B7M-099VN) (R5 7530U/8GB RAM/512GB SSD/15.6 inch FHD/Win11/Đen),MSI,AMD,Ryzen 5,8,8,amd,SSD,512,Windows 11,15.6,FHD,39.0,1,1.7,13290000,1920x1080,1920,1080
24,Laptop Asus VivoBook M1503QA-L1044W (R7 5800H/8GB RAM/512GB SSD/15.6 FHD Oled/Win11/Bạc),Asus,AMD,Ryzen 7,8,24,amd,SSD,512,Windows 11,15.6,FHD,70.0,1,1.70 ,16349000,1920x1080,1920,1080
25,Laptop HP ProBook 445 G6 6XP98PA (Ryzen 5 2500U/4GB RAM/1TB HDD/Radeon RX Vega/14 inch FHD/DOS),Dell,AMD,Ryzen 5,4,16,intel,SSD,1024,Windows 11,15.6,FHD,45.0,1,1.6,14439000,1920x1080,1920,1080
26,Laptop Lenovo Yoga Slim 7 Carbon 14ACN6 (82L0005BVN) (R7 5800U/16GB RAM/1TB SSD/14 2.8K/MX450 2GB/Win11/Xám),Lenovo,AMD,Ryzen 7,16,16,nvidia,SSD,1024,Windows 11,14,FHD,61.0,1,1.1 ,32349000,2880x1800,2880,1800
27,Laptop Lenovo IdeaPad Slim 5 Pro 14ACN6 (82L700L5VN) (R5 5600U/16GB RAM/512GB SSD/14 2.8K/Win11/Xám),Lenovo,AMD,Ryzen 5,16,16,amd,SSD,512,Windows 11,14,FHD,56.5,1,1.38 ,20299000,2880x1800,2880,1800
28,Laptop Lenovo IdeaPad Slim 5 Pro 14ACN6 (82L700L7VN) (R7 5800U/16GB RAM/512GB SSD/14 2.8K/Win11/Xám),Lenovo,AMD,Ryzen 7,16,16,amd,SSD,512,Windows 11,14,FHD,56.5,1,1.38 ,21349000,2880x1800,2880,1800
29,Laptop Asus VivoBook M3500QC-L1388W (R5 5600H/16GB RAM/512GB SSD/15.6 Oled FHD/RTX3050 4GB/Win11/Bạc),Asus,AMD,Ryzen 5,16,16,nvidia,SSD,512,Windows 11,15.6,FHD,63.0,1,1.60 ,24299000,1920x1080,1920,1080
30,Laptop Asus VivoBook M3500QC-L1327W (R7 5800H/16GB RAM/512GB SSD/15.6 Oled FHD/RTX3050 4GB/Win11/Bạc),Asus,AMD,Ryzen 7,16,16,nvidia,SSD,512,Windows 11,15.6,FHD,63.0,1,1.60 ,25349000,1920x1080,1920,1080
31,Laptop Dell Inspiron 14 7415 (A906BLU) (R5 5500U/8GB/256GB SSD/14 inch FHD Cảm ứng/Win 10/11/Xanh xám) (NK_Bảo hành tại HACOM),Dell ,AMD,Ryzen 5,8,32,amd,SSD,256,Windows 11,14,FHD,45.0,1,1.59 ,16599000,1920x1080,1920,1080
32,Laptop MSI Modern 14 (C7M-220VN) (R5 7530U/8GB RAM/512GB SSD/14.0 inch FHD/Win11/Đen),MSI,AMD,Ryzen 5,8,16,amd,SSD,512,Windows 11,15.6,FHD,39.0,1,1.4 ,10290000,1920x1080,1920,1080
33,Laptop Dell Inspiron 3525 (R7 5700U 16GB RAM/1TB SSD/15.6 inch FHD 120Hz/Win 11/Đen) (NK_Bảo hành tại HACOM),Dell,AMD,Ryzen 7,16,16,amd,SSD,1024,Windows 11,15.6,FHD,41.0,1,1.68,17349000,1920x1080,1920,1080
34,Laptop Acer Swift Go SFG14-41-R5JK (NX.KG3SV.002) (R5-7530U/16GB RAM/1TB SSD/14.0 inch FHD IPS/Win11/Bạc/vỏ nhôm),Acer,AMD,Ryzen 5,16,16,amd,SSD,1024,Windows 11,14.0,FHD,50.0,1,1.2,19299000,1920x1080,1920,1080
35,Laptop Lenovo IdeaPad Slim 5 Light 14ABR8 (82XS0006VN) (R5 7530U/8GB RAM/512GB SSD/14 FHD/Win11/Xám),Lenovo,AMD,Ryzen 5,8,8,nvidia,SSD,512,Windows 11,14,FHD,47.0,1,1.17 ,13299000,1920x1080,1920,1080
36,Laptop Asus VivoBook M1405YA-KM047W (R5 7530U/8GB RAM/512GB SSD/14 Oled/Win11/Bạc),Asus,AMD,Ryzen 5,8,24,amd,SSD,512,Windows 11,14,FHD,50.0,1,1.22 ,14349000,2880x1800,2880,1800
37,Laptop Lenovo IdeaPad Gaming 3 15ARH7 (82SB00BBVN) (R5 6600H/16GB RAM/512GB SSD/15.6 FHD 120Hz/RTX 3050 4GB/Win11/Xám),Lenovo,AMD,Ryzen 5,8,16,nvidia,SSD,512,Windows 11,15.6,FHD,60.0,1,2.32 ,17299000,1920x1080,1920,1080
38,Laptop MSI Modern 15 (B7M-231VN) (R5 7530U/16GB RAM/512GB SSD/15.6 inch FHD/Win11/Đen),MSI,AMD,Ryzen 5,16,16,amd,SSD,512,Windows 11,15.6,FHD,39.0,1,1.75 ,13290000,1920x1080,1920,1080
39,Laptop Asus VivoBook E1404FA-NK177W (R5 7520U/16GB RAM/512GB SSD/14 FHD/Win11/Bạc),Asus,AMD,Ryzen 5,16,16,amd,SSD,512,Windows 11,14.0,FHD,42.0,1,1.38 ,12549000,1920x1080,1920,1080
40,Laptop Asus Gaming TUF FX506HF-HN078W (i5 11260H/16GB RAM/512GB SSD/15.6 FHD 144hz/RTX 2050 4GB/Win11/Đen),Asus,Intel,i5,16,32,nvidia,SSD,512,Windows 11,15.6,FHD,48.0,1,2.30 ,17199000,1920x1080,1920,1080
41,Laptop Acer Gaming Aspire 7 A715-76G-59MW (NH.QMYSV.001) (i5 12450H/8GB RAM/512GB SSD/RTX2050 4G/15.6 inch FHD//Win11/Đen/Vỏ nhôm) (2023),Acer,Intel,i5,8,16,nvidia,SSD,512,Windows 11,15.6,FHD,50.0,1,2.1,17799000,1920x1080,1920,1080
42,Laptop MSI Gaming Cyborg 15 (A12UCX-618VN) (i5 12450H/16GB/512GB SSD/RTX2050 4GB/15.6 inch FHD 144Hz/Win11/Đen) (2023),MSI,Intel,i5,16,64,nvidia,SSD,512,Windows 11,15.6,FHD,53.5,1,1.98 ,17499000,1920x1080,1920,1080
43,Laptop Lenovo Gaming LOQ 15IAX9 (83GS001RVN) (i5 12450HX/12GB RAM/512GB SSD/15.6 FHD 144hz/RTX 3050 6G/Win11/Xám),Lenovo,Intel,i5,12,32,nvidia,SSD,512,Windows 11,15.6,FHD,60.0,1,2.4 ,20299000,1920x1080,1920,1080
44,Laptop MSI Gaming GF63 Thin (12UC-887VN) (i7-12650H/8GB RAM/512GB SSD/RTX3050 Max Q 4GB/15.6 inch FHD 144Hz IPS/Win11/Đen),MSI,Intel,i7,8,64,intel,SSD,512,Windows 11,15.6,FHD,51.0,1,1.86 ,19340000,1920x1080,1920,1080
45,Laptop Acer Gaming Nitro 5 AN515-58-769J (NH.QFHSV.003) (i7 12700H/8GB Ram/512GB SSD/RTX3050 4G/15.6 inch FHD 144Hz/Win 11/Đen) ,Acer,Intel,i7,8,16,nvidia,SSD,512,Windows 11,15.6,FHD,57.5,1,2.5 ,22349000,1920x1080,1920,1080
46,Laptop MSI Gaming Cyborg 15 (A12VE-240VN) (i7 12650H/8GB/512GB SSD/RTX4050 6GB/15.6FHD 144Hz/Win11/Đen),MSI,Intel,i5,8,64,intel,SSD,512,Windows 11,15.6,FHD,53.5,1,1.98 ,22840000,1920x1080,1920,1080
47,Laptop Gigabyte G5 (KF-E3VN333SH) (i5 12500H/8GB RAM/512GB SSD/RTX4060 8G/15.6 inch FHD 144Hz/Win 11/Đen),Gigabyte,Intel,i5,8,16,nvidia,SSD,512,Windows 11,15.6,FHD,54.0,1,1.9 ,23599000,1920x1080,1920,1080
48,Laptop Acer Gaming Aspire 7 A715-76G-5806 (NH.QMFSV.002) (i5 12450H/16GB RAM/512GB SSD/RTX 3050 4G/15.6 inch FHD 144Hz/Win11/Đen/Vỏ nhôm) ,Acer,Intel,i5,16,16,nvidia,SSD,512,Windows 11,15.6,FHD,50.0,1,2.1,20299000,1920x1080,1920,1080
49,Laptop Acer Gaming Predator Helios Neo PHN16-71-779X (NH.QLUSV.00B) (i7-13700HX/16GB RAM/512GB SSD/RTX4060 8G/16 inch 2K 165Hz/Win 11/Đen),Acer,Intel,i7,16,16,intel,SSD,512,Windows 11,16,FHD,90.0,1,2.7 ,41849000,2560x1600,2560,1600
50,Laptop Acer Gaming Aspire 5 A515-58GM-59LJ (i5 13420H/8GB RAM/512GB SSD/RTX2050 4G/15.6 inch FHD IPS/Win11/Xám) (2023),Acer,Intel,i5,8,32,intel,SSD,512,Windows 11,15.6,FHD,50.0,1,1.7,16299000,1920x1080,1920,1080
51,LAPTOP ACER GAMING ASPIRE 7 A715-76-57CY (NH.QGESV.004) (I5 12450H/8GB RAM/512GB SSD/15.6 INCH FHD//WIN11/ĐEN/VỎ NHÔM),Acer,Intel,i5,8,16,intel,SSD,512,Windows 11,15.6,FHD,50.0,1,2.1,13299000,1920x1080,1920,1080
52,Laptop MSI Gaming Katana 15 (B13VGK-1211VN) ((i7 13620H/16GB RAM/1TB SSD/RTX4070 8GB/15.6 inch FHD 144Hz/Win11/Đen) (2023),MSI,Intel,i7,8,64,intel,SSD,512,Windows 11,15.6,FHD,53.5,1,2.2 ,40340000,1920x1080,1920,1080
53,Laptop Asus Gaming TUF FX506HF-HN014W (i5 11400H/8GB RAM/512GB SSD/15.6 FHD 144hz/RTX 2050 4GB/Win11/Đen),Asus,Intel,i5,8,32,nvidia,SSD,512,Windows 11,15.6,FHD,48.0,1,1.7,16299000,1920x1080,1920,1080
54,Laptop Asus Gaming TUF FX507ZC4-HN099W (i7 12700H/8GB RAM/512GB SSD/15.6 FHD 144hz/RTX 3050 4GB/Win11/Xám),Asus,Intel,i7,8,32,nvidia,SSD,512,Windows 11,15.6,FHD,56.0,1,2.20 ,21349000,1920x1080,1920,1080
55,Laptop Lenovo Legion Slim 5 16IRH8 (82YA00BSVN) (i5 13500H/16GB RAM/512GB SSD/16 WQXGA 165hz/RTX 4050 6G/Win11/Xám),Lenovo,Intel,i5,8,32,nvidia,SSD,512,Windows 11,16,FHD,80.0,1,2.55 ,32299000,2560x1600,2560,1600
56,Laptop Asus Gaming TUF FX507ZV4-LP042W (i7 12700H/16GB RAM/512GB SSD/15.6 FHD 144hz/RTX4060 8GB/Win11/Xám),Asus,Intel,i7,8,32,nvidia,SSD,512,Windows 11,15.6,FHD,90.0,1,2.20 ,28649000,1920x1080,1920,1080
57,Laptop Acer Gaming Nitro 5 AN515-57-5669 (NH.QEHSV.001) (i5 11400H/8GBRam/512GB SSD/GTX1650 4G/15.6 inch FHD 144Hz/Win 11/Đen),Acer ,Intel,i5,8,16,nvidia,SSD,512,Windows 11,15.6,FHD,57.0,1,2.2 ,16299000,1920x1080,1920,1080
58,Laptop Lenovo Gaming LOQ 15IAX9 (83GS000RVN) (i5 12450HX/16GB RAM/512GB SSD/15.6 FHD 144hz/RTX4050 6G/Win11/Xám),Lenovo,Intel,i5,8,32,nvidia,SSD,512,Windows 11,15.6,FHD,60.0,1,2.4 ,24299000,1920x1080,1920,1080
59,Laptop Lenovo Legion 5 15IAH7 (82RC008RVN) (i5 12500H/16GB RAM/512GB SSD/15.6 FHD 165hz/RTX 3050 4GB/Win11/Xám),Lenovo,Intel,i5,8,16,nvidia,SSD,512,Windows 11,15.6,FHD,80.0,1,2.35 ,25299000,1920x1080,1920,1080
60,Laptop MSI Gaming Katana GF66 (12UCK-804VN) (i7 12650H 8GB RAM/512GB SSD/RTX3050 4G/15.6 inch FHD 144Hz/Win11/Đen),MSI,Intel,i7,8,64,intel,SSD,512,Windows 11,15.6,FHD,53.5,1,2.1 ,22349000,1920x1080,1920,1080
61,Laptop MSI Gaming Crosshair 15 (B12UEZ-460VN) (i7 12700H/ 16GB RAM/1TB SSD/RTX3060 6G/15.6 inch QHD 165Hz/win 11) (2022) ,MSI,Intel,i7,16,64,nvidia,SSD,1024,Windows 11,15.6,QHD,53.5,1,2.3 ,20840000,2560x1440,2560,1440
62,Laptop MSI Gaming GF63 Thin (11UD-473VN) (i5 11400H/8GB RAM/512GBSSD/RTX3050Ti 4G/15.6 inch FHD/Win11),MSI,Intel,i5,8,32,nvidia,SSD,512,Windows 10,15.6,FHD,51.0,1,1.86 ,21290000,1920x1080,1920,1080
63,Laptop MSI Gaming Cyborg 15 (A13UC-861VN) (i5-13420H /16GB/512GB SSD/RTX 3050 4GB/ 15.6FHD 144Hz IPS/Win11/Đen) (2024),MSI,Intel,i5,16,96,nvidia,SSD,512,Windows 11,15.6,FHD,53.5,1,1.98 ,20790000,1920x1080,1920,1080
64,Laptop MSI Gaming Katana GF66 (11UE-824VN) (i7 11800H 16GB RAM/512GB SSD/RTX3060 6G/15.6 inch FHD 144Hz/Win11/Đen) ,MSI,Intel,i7,16,32,intel,SSD,512,Windows 10,15.6,FHD,53.5,1,2.1 ,27340000,1920x1080,1920,1080
65,Laptop MSI Gaming Katana GF66 (12UCK-699VN) (i5 12450H 8GB RAM/512GB SSD/RTX3050 4G/15.6 inch FHD 144Hz/Win11/Đen) (2022),MSI,Intel,i5,8,32,intel,SSD,512,Windows 11,15.6,FHD,53.5,1,2.1 ,17299000,1920x1080,1920,1080
66,Laptop MSI Gaming Katana GF66 (12UDK-814VN) (i7 12650H 16GB RAM/512GB SSD/RTX3050Ti 4G/15.6 inch FHD 144Hz/Win11/Đen),MSI,Intel,i7,16,64,intel,SSD,512,Windows 11,15.6,FHD,53.5,1,2.1 ,25340000,1920x1080,1920,1080
67,Laptop MSI Gaming GF63 Thin (11SC-664VN) (i5-11400H/8GB RAM/512GB SSD/GTX1650 4GB/15.6 inch FHD 144Hz/Win11/Đen),MSI,Intel,i5,8,32,nvidia,SSD,512,Windows 11,15.6,FHD,51.0,1,1.86 ,14490000,1920x1080,1920,1080
68,Laptop Dell Workstation Mobile Precision 3581 vPro Enterprise (71023331) (i7-13800H/16GB RAM/512GB SSD/RTX A500 4GB/15.6 inch FHD/Ubuntu/Xám) ,Dell,Intel,i7,16,16,nvidia,SSD,512,Ubuntu,15.6,FHD,64.0,1,1.795 ,43349000,1920x1080,1920,1080
69,Laptop Gigabyte Gaming AERO 16 (XE5-73VN938AH) (i7 12700H /16GBRam/2TB SSD/RTX3070Ti 8G/16.0 inch UHD+ AMOLED/Win 11/Bạc) (2022),Gigabyte,Intel,i7,16,16,nvidia,SSD,2048,Windows 11,15.6,FHD,99.0,1,2.3 ,46349000,1920x1080,1920,1080
70,"Laptop Dell Workstation Mobile Precision 5680 vPro Enterprise (71023332) (i7-13800H/16GB RAM/512GB SSD/RTX2000 ADA 8GB, 16 inch FHD+/Ubuntu/Xám) ",Dell,Intel,i7,16,16,nvidia,SSD,512,Ubuntu,16,FHD,100.0,1,1.905 ,83349000,1920x1200,1920,1200
71,Laptop Dell Mobile Precision Workstation 7680 vPro (71024681) (i7-13850HX/32GB RAM/1TB SSD/RTX2000 Ada 8GB/16 inch FHD+/ Win 11 Pro/Xám) ,Dell,Intel,i7,32,16,nvidia,SSD,1024,Windows 11,16,FHD,83.0,1,2.60 ,79349000,1920x1200,1920,1200
72,Laptop Acer Gaming Predator Helios Neo PHN16-71-547E (NH.QLUSV.00A) (i5-13500HX /16GB RAM/512GB SSD/RTX4060 8G/16 inch 2K 165Hz/Win 11/Đen),Acer,Intel,i5,16,16,intel,SSD,512,Windows 11,16,FHD,90.0,1,2.6 ,40299000,2560x1600,2560,1600
73,Laptop Dell Mobile Precision Workstation 7680 vPro (71023334) (i7-13850HX /16GB RAM/512GB SSD/RTX2000 Ada 8GB/16 inch FHD+/Ubuntu/Xám) ,Dell,Intel,i7,16,16,nvidia,SSD,512,Ubuntu,16,FHD,83.0,1,2.60 ,73049000,1920x1200,1920,1200
74,Laptop Dell Allienware Gaming M15 R6 (P109F001CBL) (i7 11800H/32GB RAM/1TB SSD/RTX3060 6G/15.6 inch QHD 240Hz/Win11/OfficeHS21/Xám đen) ,Dell,Intel,i7,32,16,nvidia,SSD,1024,Windows 11,15.6,QHD,86.0,1,2.69,40349000,2560x1440,2560,1440
75,Laptop Dell Workstation Mobile Precision 3581 vPro Enterprise (71024679) (i7-13800H/ 32GB RAM/1TB SSD/A1000 6GB/15.6 inch FHD/Win 11 Pro/Xám) ,Dell,Intel,i7,32,16,nvidia,SSD,1024,Windows 11,15.6,FHD,64.0,1,1.795 ,56349000,1920x1080,1920,1080
76,Laptop Lenovo Legion Slim 5 16IRH8 (82YA00DTVN) (i7 13700H/16GB RAM/1TB SSD/16 WQXGA 165hz/RTX 4060 8G/Win11/Xám),Lenovo,Intel,i7,8,32,nvidia,SSD,1024,Windows 11,16,FHD,80.0,1,2.4 ,39849000,2560x1600,2560,1600
77,Laptop Dell Gaming G15 5520 (71000334) (i7 12700H/16GB RAM/ 512GB SSD/RTX3060 6G/15.6 inch FHD 165Hz/ Win11/OfficeHS21/Xám đen) ,Dell,Intel,i7,16,16,nvidia,SSD,512,Windows 11,15.6,FHD,56.0,1,1.89,34349000,1920x1080,1920,1080
78,Laptop Asus Gaming TUF FX517ZC-HN079W (i5 12450H/8GB RAM/512GB SSD/15.6 FHD 144hz/RTX 3050 4GB/Win11/Trắng),Asus,Intel,i5,8,32,intel,SSD,512,Windows 11,15.6,FHD,76.0,1,1.7,19799000,1920x1080,1920,1080
79,Laptop Acer Nitro 5 Eagle AN515-57-53F9 (NH.QENSV.008) (i5 11400H/8GB RAM/512GB SSD/RTX3050 4G/15.6 inch FHD 144Hz/Win 11/Đen),Acer,Intel,i5,8,32,intel,SSD,2048,Windows 11,15.6,FHD,57.5,1,2.2 ,20299000,1920x1080,1920,1080
80,Laptop Dell Workstation Mobile Precision 3480 vPro (71024682) (i7-1370P/32GB RAM/1TB SSD/RTX A500 4GB/14 inch FHD/ Win 11 Pro/Xám) ,Dell,Intel,i7,32,16,nvidia,SSD,1024,Windows 11,14,FHD,54.0,1,1.39 ,49349000,1920x1080,1920,1080
81,Laptop Dell Workstation Mobile Precision 7560 vPro (01MTXT756011850H.01) (i7 11850H/16GB RAM/512GB SSD/RTX A4000 8G/15.6 inch FHD 500nits/Ubuntu/Xám),Dell,Intel,i7,16,16,nvidia,SSD,512,Ubuntu,15.6,FHD,95.0,1,2.45 ,77849000,1920x1080,1920,1080
82,Laptop Acer Gaming Nitro 5 Tiger AN515-58-5935 (NH.QLZSV.001) (i5 12450H/8GB Ram/512GB SSD/RTX4050 6G/15.6 inch FHD 144Hz/Win 11/Đen) (2023),Acer,Intel,i5,8,16,nvidia,SSD,512,Windows 11,15.6,FHD,57.5,1,2.5 ,26099000,1920x1080,1920,1080
83,Laptop Asus ROG Zephyrus S GX502GW-ES021T (i7 9750H/16GB RAM/512GB SSD/15.6 inch FHD/RTX 2070 8GB/Win 10/Đen),Asus,Intel,i7,16,16,nvidia,SSD,512,Windows 10,15.6,FHD,76.0,0,2.063 ,57349000,1920x1080,1920,1080
84,Laptop Asus Gaming ROG Strix G512-IAL001T (i7 10750H/8GB RAM/512GB SSD/15.6 FHD 144hz/GTX 1650Ti 4GB/Win10/Đen),Dell,Intel,i7,8,16,nvidia,SSD,512,Windows 10,15.6,FHD,48.0,1,2.277 ,27119000,1920x1080,1920,1080
85,Laptop Dell Workstation Mobile Precision 5570 vPro (i7 12800H/16GB RAM/512GB SSD/RTX A2000 8G/15.6 inch UHD+/Cảm ứng/Ubuntu/Xám/vỏ nhôm),Dell,Intel,i7,16,16,nvidia,SSD,512,Ubuntu,15.6,FHD,41.0,1,1.88 ,74349000,3840x2400,3840,2400
86,Laptop Dell Workstation Mobile Precision 3571 vPro (i7 12800H/16GB RAM/512GB SSD/Nvidia T600 4G/15.6 inch FHD/Ubuntu/Xám),Dell,Intel,i7,16,16,nvidia,SSD,512,Ubuntu,15.6,FHD,64.0,1,1.79 ,41049000,1920x1080,1920,1080
87,Laptop Dell Workstation Mobile Precision 3571 vPro (i7 12800H/16GB RAM/512GB SSD/RTX A1000 4G/15.6 inch FHD/Ubuntu/Xám),Dell,Intel,i7,16,16,nvidia,SSD,512,Ubuntu,15.6,FHD,64.0,1,1.79 ,42049000,1920x1080,1920,1080
88,Laptop Gigabyte Gaming AORUS 15 (XE4-73VNB14GH) (i7 12700H /16GBRam/1TB SSD/RTX3070Ti 8G/15.6 inch QHD 165Hz/Win 11/Đen) (2022),Gigabyte,Intel,i7,16,16,nvidia,SSD,1024,Windows 11,15.6,FHD,99.0,1,2.4 ,37349000,1920x1080,1920,1080
89,Laptop Dell Gaming G15 5520 (i7H165W11GR3050Ti) (i7 12700H/16GB RAM/ 512GB SSD/RTX3050Ti 4G/15.6 inch FHD 165Hz/Win11/OfficeHS21/Xám đen) ,Dell,Intel,i7,16,16,nvidia,SSD,512,Windows 11,15.6,FHD,56.0,1,1.89,34349000,1920x1080,1920,1080
90,Laptop Acer Gaming Nitro 5 AN515-58-79UJ (NH.QHYSV.001) (i7 12700H/16GB Ram/512GB SSD/RTX3060 6G/15.6 inch FHD 165Hz/Win 11/Đen) ,Acer,Intel,i7,16,16,nvidia,SSD,512,Windows 11,15.6,FHD,57.5,1,2.5 ,37839000,1920x1080,1920,1080
91,Laptop Acer Gaming Predator Helios Neo PHN16-71-59TN (NH.QLUSV.003) (i5 13500HX/16GB RAM/512GB SSD/RTX4060 8G/16 inch 2K 165Hz/Win 11/Đen/Vỏ nhôm) ,Acer,Intel,i5,16,16,intel,SSD,512,Windows 11,16,FHD,90.0,1,2.6 ,39999000,2560x1600,2560,1600
92,Laptop Gigabyte Gaming AORUS 17 (XE5-73VN534GH) (i7 12700H /16GB Ram/1TB SSD/RTX3070Ti 8G/17.3 inch FHD 360Hz/Win 11/Đen) ,Gigabyte,Intel,i7,16,16,nvidia,SSD,1024,Windows 11,17.3,FHD,99.0,1,2.7 ,54449000,1920x1080,1920,1080
93,Laptop Acer Gaming Predator Helios 300 PH315-55-751D (NH.QFTSV.002) (i7 12700H/16GB RAM/512GB SSD/RTX3070Ti 8G/15.6 inch QHD 165Hz/Win 11/Đen) ,Acer,Intel,i7,16,16,nvidia,SSD,512,Windows 11,15.6,QHD,59.0,1,2.3 ,46349000,2560x1440,2560,1440
94,Laptop Acer Gaming Predator Helios Neo PHN16-71-54CD (NH.QLTSV.001) (i5 13500HX/8GB RAM/512GB SSD/RTX4050 6G/16 inch 2K 165Hz/Win 11/Đen/Vỏ nhôm) ,Acer,Intel,i5,8,16,intel,SSD,512,Windows 11,16,FHD,90.0,1,2.6 ,34999000,2560x1600,2560,1600
95,Laptop Asus Gaming TUF FX507VU-LP197W (i7 13620H/32GB RAM/512GB SSD/15.6 FHD 144hz/RTX4050 6GB/Win11/Xám),Asus,Intel,i7,8,32,nvidia,SSD,512,Windows 11,15.6,FHD,90.0,1,2.20 ,31349000,1920x1080,1920,1080
96,Laptop Asus Gaming TUF FX507VV-LP181W (i7 13620H/32GB RAM/512GB SSD/15.6 FHD 144hz/RTX4060 8GB/Win11/Xám),Asus,Intel,i7,16,32,nvidia,SSD,512,Windows 11,15.6,FHD,90.0,1,2.20 ,34349000,1920x1080,1920,1080
97,Laptop Dell Workstation Mobile Precision 3581 vPro Enterprise (71024677) (i7-13800H/32GB RAM/1TB SSD/RTX A500 4GB/15.6 inch FHD/ Win 11 Pro/Xám),Dell,Intel,i7,32,16,nvidia,SSD,1024,Windows 11,15.6,FHD,64.0,1,1.795 ,52849000,1920x1080,1920,1080
98,	Laptop MSI Gaming GF63 Thin (11UC-1228VN) (i7-11800H/8GB RAM/512GB SSD/RTX3050 4GB/15.6 inch FHD 144Hz/Win11/Đen),MSI,Intel,i7,8,32,intel,SSD,512,Windows 11,15.6,FHD,51.0,1,1.86 ,18340000,1920x1080,1920,1080
99,Laptop MSI Gaming Stealth 14 AI Studio (A1VFG-xxx) (Core Ultra 7 155H/32GB RAM/ 2TB SSD/RTX4060 8G/14 inch2.8K OLED/ Win11/Xanh) (2024),MSI,Intel,i5,32,96,nvidia,SSD,1024,Windows 11,14,FHD,41.0,1,1.7 ,49849000,2880x1800,2880,1800
100,Laptop MSI Gaming Katana 15 (B13VEK-252VN) (i7 13620H/8GB/512GB SSD/RTX4050 6GB/15.6FHD 144Hz/Win11/Đen/Balo Essential),MSI,Intel,i7,8,32,intel,SSD,512,Windows 11,15.6,FHD,53.5,1,2.2 ,26340000,1920x1080,1920,1080
101,Laptop Gigabyte G5 (MF-E2VN333SH) (i5 12500H /8GB RAM/512GB SSD/RTX4050 6G/15.6 inch FHD 144Hz/Win 11/Đen),Gigabyte,Intel,i5,8,16,nvidia,SSD,512,Windows 11,15.6,FHD,54.0,1,1.9 ,22300000,1920x1080,1920,1080
102,Laptop MSI Gaming Cyborg 15 (A12UC-621VN) ((i5 12450H/8GB/512GB SSD/RTX3050 4GB/15.6 inch FHD 144Hz/Win11/Đen) (2023),MSI,Intel,i5,8,64,intel,SSD,512,Windows 11,15.6,FHD,53.5,1,1.98 ,18790000,1920x1080,1920,1080
103,Laptop Gigabyte Gaming G5 (GE-51VN263SH) (i5 12500H /8GB Ram/512GB SSD/RTX3050 4G/15.6 inch FHD 144Hz/Win 11/Đen),Gigabyte,Intel,i5,8,64,intel,HDD,512,Windows 11,15.6,FHD,54.0,1,1.9 ,19299000,1920x1080,1920,1080
104,Laptop Acer Gaming Predator Helios Neo PHN16-71-74BA (NH.QLUSV.004) (i7 13700HX/16GB RAM/512GB SSD/RTX4060 8G/16 inch 2K 165Hz/Win 11/Đen/Vỏ nhôm),Acer,Intel,i7,16,16,intel,SSD,512,Windows 11,16,FHD,90.0,1,2.6 ,40349000,2560x1600,2560,1600
105,Laptop Acer Gaming Predator Helios 16 PH16-71-72BV (NH.QJRSV.001) (i7 13700HX/16GB RAM512GB SSD/RTX4070 8G/16 inch 2K 240Hz/Win 11/Đen/vỏ nhôm) ,Acer,Intel,i7,32,16,intel,SSD,512,Windows 11,16,FHD,90.0,1,2.6 ,53349000,2560x1600,2560,1600
106,Laptop Acer Gaming Nitro 5 Tiger AN515-58-773Y (NH.QFKSV.001) (i7 12700H/8GB Ram/512GB SSD/RTX3050Ti 4G/15.6 inch FHD 144Hz/Win 11/Đen) (2022),Acer ,Intel,i7,8,16,nvidia,SSD,512,Windows 11,15.6,FHD,57.5,1,2.5 ,26849000,1920x1080,1920,1080
107,Laptop Acer Aspire 7 A715-76G-73FM (NH.QMYSV.004) (i7 12650H/16GB/512GB SSD/ RTX2050 4G/15.6FHD 144Hz/ Win11/Đen),Acer,Intel,i7,16,16,nvidia,SSD,512,Windows 11,15.6,FHD,50.0,1,2.1,24349000,1920x1080,1920,1080
108,Laptop Lenovo Gaming LOQ 15IRX9 (83DV000MVN) (i5 13450HX/16GB RAM/512GB SSD/15.6 FHD 144hz/RTX 4050 6G/Win11/Xám),Lenovo,Intel,i5,16,32,nvidia,SSD,512,Windows 11,15.6,FHD,60.0,1,2.4 ,25299000,1920x1080,1920,1080
109,Laptop Acer Gaming Nitro V ANV15-51-55CA (NH.QN8SV.004) (i5 13420H/16GB RAM/512GB SSD/RTX4050 6G/15.6inch FHD/Win11/Đen) ,Acer,Intel,i5,16,16,intel,SSD,2048,Windows 11,15.6,FHD,41.0,1,1.7,27299000,1920x1080,1920,1080
110,Laptop Acer Gaming Nitro V ANV15-51-75GS (NH.QN8SV.005) (i7-13620H/16GB RAM/512GB SSD/RTX4050 6GB/15.6 inch FHD 144Hz/Win11/Đen),Acer,Intel,i7,16,32,nvidia,SSD,512,Windows 11,15.6,FHD,57.0,1,2.1,29949000,1920x1080,1920,1080
111,Laptop Asus Gaming TUF FX507VI-LP088W (i7 13620H/16GB RAM/512GB SSD/15.6 FHD 144hz/RTX4070 8GB/Win11/Xám),Asus,Intel,i7,16,32,nvidia,SSD,512,Windows 11,15.6,FHD,90.0,1,2.20 ,37349000,1920x1080,1920,1080
112,Laptop MSI Gaming Cyborg 15 (A12UCX-281VN) ((i5 12450H/8GB/512GB SSD/RTX2050 4GB/15.6FHD 144Hz/Win11/Đen/Balo Essential) ,MSI,Intel,i5,8,64,intel,SSD,512,Windows 11,15.6,FHD,53.5,1,1.98 ,17290000,1920x1080,1920,1080
113,Laptop MSI Gaming GF63 Thin (12UCX-841VN) (i5-12450H/8GB RAM/512GB SSD/RTX2050 4GB/15.6 inch FHD 144Hz IPS/Win11/Đen),MSI,Intel,i5,8,64,nvidia,SSD,512,Windows 11,15.6,FHD,51.0,1,1.86 ,16290000,1920x1080,1920,1080
114,Laptop Asus Gaming TUF FX507ZC4-HN074W (i5 12500H/8GB RAM/512GB SSD/15.6 FHD 144hz/RTX 3050 4GB/Win11/Xám),Asus,Intel,i5,8,32,nvidia,SSD,512,Windows 11,15.6,FHD,56.0,1,2.20 ,19299000,1920x1080,1920,1080
115,Laptop Lenovo Gaming LOQ 15IAX9 (83GS001SVN) (i5 12450HX/12GB RAM/512GB SSD/15.6 FHD 144hz/RTX 2050 4GB/Win11/Xám),Lenovo,Intel,i5,12,32,nvidia,SSD,512,Windows 11,15.6,FHD,60.0,1,2.4 ,18299000,1920x1080,1920,1080
116,Laptop MSI Gaming GF63 Thin (12VE-460VN) (i5-12450H/8GB RAM/512GB SSD/RTX4050 6GB/15.6 inch FHD 144Hz/Win11/Đen),MSI,Intel,i5,8,32,nvidia,SSD,512,Windows 11,15.6,FHD,51.0,1,1.86 ,21789000,1920x1080,1920,1080
117,Laptop Acer Gaming Nitro 5 Tiger AN515-58-52SP (NH.QFHSV.001) (i5 12500H/8GB Ram/512GB SSD/RTX3050 4G/15.6 inch FHD 144Hz/Win 11/Đen) (2022),Acer ,Intel,i5,8,16,nvidia,SSD,512,Windows 11,15.6,FHD,57.5,1,2.5 ,21299000,1920x1080,1920,1080
118,Laptop Acer Nitro V ANV15-51-58AN (NH.QNASV.001) (i5-13420H/8GB RAM/512GB SSD/RTX2050 4GB/15.6 inch FHD 144Hz/Win11/Đen) ,Acer,Intel,i5,8,32,nvidia,SSD,512,Windows 11,15.6,FHD,57.0,1,2.1,20299000,1920x1080,1920,1080
119,Laptop Acer Nitro V ANV15-51-72VS (NH.QNASV.004) (i7-13620H/16GB RAM/512GB SSD/RTX2050 4GB/15.6 inch FHD 144Hz/Win11/Đen),Acer,Intel,i7,8,32,nvidia,SSD,512,Windows 11,15.6,FHD,57.0,1,2.1,25349000,1920x1080,1920,1080
120,Laptop MSI Gaming Cyborg 15 (A12VF-267VN) (i7 12650H/8GB RAM/512GB SSD/RTX4060 8GB/15.6 inch FHD 144Hz/Win11/Đen) ,MSI,Intel,i5,8,64,intel,SSD,512,Windows 11,15.6,FHD,53.5,1,1.98 ,25340000,1920x1080,1920,1080
121,Laptop Asus VivoBook A1505VA-L1491W  (i7 13700H/16GB RAM/512GB SSD/15.6 FHD/Win11/Bạc),Asus,Intel,i7,16,16,intel,SSD,512,Windows 11,15.6,FHD,50.0,1,1.70 ,20349000,1920x1080,1920,1080
122,Laptop HP 14-dq5122TU (8W356PA) (i3 1215U/8GB RAM/256GB SSD/14 FHD/Win11/Bạc),HP,Intel,i3,4,16,intel,SSD,256,Windows 11,14.0,FHD,41.04,1,1.40 ,10599000,1920x1080,1920,1080
123,Laptop Lenovo Thinkpad E16 Gen 1 (21JN00FQVN) (i7 13700H/32GB RAM/1TB SSD/16 WUXGA/Win11/Đen),Lenovo,Intel,i7,16,48,intel,SSD,1024,Windows 11,16,WUXGA,41.0,1,1.7,28349000,1920x1200,1920,1200
124,Laptop HP 14-ep0112TU (8C5L1PA) (i5 1335U/16GB RAM/512GB SSD/14 FHD/Win11/Bạc),HP,Intel,i5,16,16,intel,SSD,512,Windows 11,14.0,FHD,41.04,1,1.40 ,17299000,1920x1080,1920,1080
125,Laptop HP 14-ep0128TU (8U6L5PA) (i5 1335U/8GB RAM/512GB SSD/14 FHD/Win11/Bạc),HP,Intel,i5,4,16,intel,SSD,512,Windows 11,14.0,FHD,41.04,1,1.40 ,16499000,1920x1080,1920,1080
126,Laptop HP 14-ep0110TU (8C5K9PA) (i7 1355U/16GB RAM/512GB SSD/14 FHD/Win11/Bạc),HP,Intel,i7,16,16,intel,SSD,512,Windows 11,14.0,FHD,41.04,1,1.40 ,20249000,1920x1080,1920,1080
127,Laptop Lenovo Thinkpad L14 Gen 4 (21H1003AVA) (i7 1360P/16GB RAM/512GB SSD/14 FHD/Dos/Đen),Lenovo,Intel,i7,8,64,intel,SSD,512,Dos,14,FHD,46.5,1,1.4 ,26349000,1920x1080,1920,1080
128,Laptop Acer Aspire 5 A515-58M-79R7 (NX.KQ8SV.007) (i7-13620H/16GB RAM/ 512GB SSD/15.6 inch FHD/Win11/Xám),Acer,Intel,i7,16,16,intel,SSD,512,Windows 11,15.6,FHD,50.0,1,1.7,20249000,1920x1080,1920,1080
129,Laptop Acer Aspire Lite AL15-51M-55NB (NX.KRSSV.001) (i5 1155G7/8GB/512GB SSD/15.6FHD/Win 11/vỏ kim loại/Đen) ,Acer,Intel,i5,8,32,intel,SSD,512,Windows 11,15.6,FHD,36.0,1,1.7,11799000,1920x1080,1920,1080
130,Laptop Acer Aspire 5 A515-58M-56YX (NX.KQ8SV.005) (i5-13420H/16GB RAM/512GB SSD/15.6 inch FHD/Win11/Xám),Acer,Intel,i5,16,16,intel,SSD,512,Windows 11,15.6,FHD,50.0,1,1.7,15899000,1920x1080,1920,1080
131,Laptop Acer Aspire 5 A514-56P-55K5 (NX.KHRSV.003) (i5 1335U/16GB RAM/512GB SSD/14.0 inch WUXGA IPS/Win11/Xám) (2023),Acer,Intel,i5,16,16,intel,SSD,512,Windows 11,14,WUXGA,50.0,1,1.7,16299000,1920x1200,1920,1200
132,Laptop Acer Aspire 5 Spin 14 A5SP14-51MTN-573X (NX.KHKSV.002) (i5 1335U/16GB RAM/512GB SSD/14.0inch WUXGA IPS/Cảm ứng/ Bút/Win11/ Xám) (2023),Acer,Intel,i5,16,16,intel,SSD,512,Windows 11,14,WUXGA,50.0,1,1.6,20299000,1920x1200,1920,1200
133,Laptop Acer Aspire 5 A515-58P-56RP (NX.KHJSV.008) (i5 1335U/16GB RAM/512GB SSD/15.6 inch FHD/Win11/Xám) (2023),Acer,Intel,i5,16,16,intel,SSD,512,Windows 11,15.6,FHD,50.0,1,1.7,15299000,1920x1080,1920,1080
134,Laptop Acer Swift 3 SF314-512-56QN (NX.K0FSV.002) (i5-1240P/16GB RAM/512GB SSD/14.0 inch QHD IPS/Win11/Bạc/vỏ nhôm) ,Acer,Intel,i5,16,16,intel,SSD,512,Windows 11,14.0,QHD,56.0,1,1.2,18799000,2560x1440,2560,1440
135,Laptop Acer Aspire 3 A314-36M-34AP (NX.KMRSV.001) (i3 N305/8GB RAM/512GB SSD/14.0 inch FHD IPS/Vỏ kim loại/Win 11/Xanh),Acer,Intel,i3,8,16,intel,SSD,512,Windows 11,14.0,FHD,40.0,1,1.7,10699000,1920x1080,1920,1080
136,Laptop HP 15 DY2795WM (6M0Z7UA) (i5 1135G7/8GB RAM/256GB SSD/15.6 FHD/Win11/Bạc)(NK_Bảo hành tại HACOM),HP,Intel,i5,8,16,intel,SSD,512,Windows 10,15.6,FHD,41.0,1,1.69 ,11599000,1366x768,1366,768
137,Laptop Acer Aspire 3 A315-510P-34XZ (NX.KDHSV.006) (i3-N305/8GB RAM/512GB SSD/15.6 inch FHD/Win11/Bạc),Acer,Intel,i3,8,16,intel,SSD,512,Windows 11,15.6,FHD,40.0,1,1.7,9499000,1920x1080,1920,1080
138,Laptop Dell Vostro 15 3530 (80GG93) (i5 1335U 16GB RAM/512GB SSD/15.6FHD 120Hz/Win11/OfficeHS21/Xám) ,Dell,Intel,i5,16,16,intel,SSD,512,Windows 11,15.6,FHD,41.0,1,1.65,18299000,1920x1080,1920,1080
139,Laptop Lenovo V14 Gen 4 (83A0008WVN) (i5 13420H/16GB RAM/512GB SSD/14 FHD/Dos/Xám),Lenovo,Intel,i5,8,16,intel,SSD,512,No OS,14,FHD,45.0,1,1.69 ,13699000,1920x1080,1920,1080
140,Laptop Lenovo Thinkpad E16 Gen 1 (21JN00FGVA) (i7 13700H/16GB RAM/512GB SSD/16 WUXGA/Dos/Đen),Lenovo,Intel,i7,16,48,intel,SSD,1024,Windows 11,16,WUXGA,41.0,1,1.7,22849000,1920x1200,1920,1200
141,Laptop Lenovo Thinkpad E14 Gen 5 (21JK006BVN) (i5 1335U/16GB RAM/512GB SSD/14.0 WUXGA/Win11/ Đen),Lenovo,Intel,i5,8,16,intel,SSD,512,Windows 11,14,FHD,45.0,1,1.43 ,19799000,1920x1080,1920,1080
142,Laptop Lenovo Thinkpad L13 Gen 3 (21B3005QVA) (i5 1235U/8GB RAM/512GB SSD/13.3 WUXGA/Dos/Đen),Lenovo,Intel,i5,8,8,intel,SSD,512,Dos,13.3,FHD,46.0,1,1.39 ,17299000,1920x1080,1920,1080
143,Laptop Lenovo IdeaPad 3 14AIH8 (83EQ0005VN) (i5 1245H/16GB RAM/512GB SSD/14 FHD/Win11/Xám),Lenovo,Intel,i5,16,16,intel,SSD,512,Windows 11,14,FHD,47.0,1,1.37 ,13299000,1920x1080,1920,1080
144,Asus Vivobook  14 OLED A1405VA-KM095W (i5 13500H/16GB RAM/512GB SSD/14 2.8K Oled/Win11/Bạc/Chuột),Asus,Intel,i5,16,16,intel,SSD,512,Windows 11,14.0,FHD,50.0,1,1.60 ,17799000,2880x1800,2880,1800
145,Laptop Lenovo Thinkpad X13 Gen 3 (21BN008JFQ) (i5 1235U/8GB RAM/512GB SSD/13.3 WUXGA/Dos/Đen),Lenovo,Intel,i5,8,8,intel,SSD,512,Windows 11,13.3,WUXGA,47.0,1,1.29 ,18799000,1920x1200,1920,1200
146,Laptop Dell Inspiron 3530 (71035574) (i7 1355U 16GB RAM/512GB SSD/15.6 inch FHD 120Hz/Win11/OfficeHS21/Bạc),Dell,Intel,i7,16,16,intel,SSD,512,Windows 11,15.6,FHD,54.0,1,1.65,20749000,1920x1080,1920,1080
147,Laptop Dell Inspiron 3530 (N3530-i5U085W11BLU) (i5 1335U 8GB RAM/512GB SSD/15.6 inch FHD 120Hz/Win11/OfficeHS21/Đen),Dell,Intel,i5,8,16,intel,SSD,512,Windows 11,15.6,FHD,41.0,1,1.65,16299000,1920x1080,1920,1080
148,Laptop Dell Vostro 15 3530 (V5I5267W1) (i5 1335U 8GB/256GB SSD/15.6FHD 120Hz/Win11/OfficeHS21/Xám) ,Dell,Intel,i5,8,16,intel,SSD,512,Windows 11,15.6,FHD,41.0,1,1.65,15599000,1920x1080,1920,1080
149,Laptop Dell Inspiron 3501 (3692BLK) (i3 1115G4 8GB RAM/256GB SSD/15.6 inch FHD Cảm ứng/Win10/Đen) (NK_Bảo hành tại HACOM),Dell,Intel,i3,8,16,intel,SSD,256,Windows 10,15.6,FHD,42.0,1,1.91,9999000,1920x1080,1920,1080
150,Laptop Dell Vostro 3420 (71003348) (i5 1235U/8GB RAM/512GB SSD/14.0 inch FHD/Win11/Office HS21/Xám),Dell,Intel,i5,8,16,intel,SSD,512,Windows 11,14.0,FHD,41.0,1,1.49,14699000,1920x1080,1920,1080
151,Laptop MSI Prestige 14Evo (B13M-401VN) (i5 13500H/16GB RAM/512GB SSD/14.0 inch FHD+ /Win11/Bạc/Vỏ nhôm) ,MSI,Intel,i5,16,16,intel,SSD,512,Windows 11,14.0,FHD,72.0,1,1.7,24099000,1920x1200,1920,1200
152,Laptop Acer Aspire 3 A315-58-529V (NX.ADDSV.00N) (i5 1135G7/RAM 4GB (onboard) + 4GB (rời)/256GB SSD/15.6 inch FHD/Win 11/Bạc),Acer,Intel,i5,4,12,intel,SSD,256,Windows 11,15.6,FHD,36.7,1,1.7,11799000,1920x1080,1920,1080
153,Laptop MSI Modern 15 (B12MO-628VN) (i5 1235U/16GB RAM/512GB SSD/15.6 inch FHD IPS/Win11/Đen) ,MSI,Intel,i5,16,16,intel,SSD,512,Windows 11,15.6,FHD,41.0,1,1.7,13699000,1920x1080,1920,1080
154,Laptop Asus VivoBook A1405VA-KM257W (i5 13500H/16GB RAM/512GB SSD/14 2.8K Oled/Win11/Đen),Asus,Intel,i5,16,16,intel,SSD,512,Windows 11,14.0,FHD,50.0,1,1.60 ,17799000,2880x1800,2880,1800
155,Laptop Dell Inspiron 16 5630 (H6KRV) (i5 1340P 16GB RAM/512GB SSD/RTX2050 4G/16.0 inch FHD/Win11/Office HS21/Vỏ nhôm/Bạc),Dell,Intel,i5,16,16,nvidia,SSD,512,Windows 11,16.0,FHD,54.0,1,1.9,24799000,1920x1200,1920,1200
156,Laptop Dell Inspiron 3530 (N3530I716W1) (i7 1355U 16GB RAM/512GB SSD/ MX550 2G/15.6 inch FHD 120Hz/Win11/OfficeHS21/Bạc),Dell,Intel,i7,16,16,nvidia,SSD,512,Windows 11,15.6,FHD,54.0,1,1.65,22849000,1920x1080,1920,1080
157,Laptop Dell Vostro 3520 (5M2TT2) (i5 1235U 8GB RAM/512GB SSD/15.6 inch FHD/Win11/OfficeHS21/Xám),Dell,Intel,i5,8,32,intel,SSD,512,Windows 11,15.6,FHD,41.0,1,1.65,14499000,1920x1080,1920,1080
158,Laptop Dell Vostro 3430 (71026453) (i3 1305U 8GB RAM/512GB SSD/ 14.0FHD/Win11/OfficeHS21/Xám),Dell,Intel,i3,8,16,intel,SSD,512,Windows 11,14.0,FHD,41.0,1,1.44,12499000,1920x1080,1920,1080
159,Laptop Dell Vostro 3430 (71011900) (i5 1335U 8GB RAM/512GB SSD/ 14.0FHD/Win11/OfficeHS21/Xám),Dell,Intel,i5,8,16,intel,SSD,512,Windows 11,14.0,FHD,41.0,1,1.44,16999000,1920x1080,1920,1080
160,Laptop Lenovo Thinkpad E15  G4 (21E600CFVA) (i5 1235U/8GB RAM/512GB SSD/15.6 FHD/Dos/Đen),Lenovo,Intel,i5,8,40,intel,SSD,512,Dos,15.6,FHD,45.0,1,1.7 ,18299000,1920x1080,1920,1080
161,Microsoft Surface Surface Pro 9 (i5 1235U/8GB RAM/256GB SSD/13/Win11/Platinum)(Bảo hành tại HACOM),Microsoft,Intel,i5,8,16,intel,SSD,256,Windows 11,13,FHD,41.0,0,1.7,28299000,2880x1920,2880,1920
162,Laptop HP 15-fd0084TU (8D737PA) (i7 1355U/8GB RAM/512GB SSD/15.6 FHD/Win11/Bạc),HP,Intel,i7,8,16,intel,SSD,512,Windows 11,15.6,FHD,41.0,1,1.59 ,19349000,1920x1080,1920,1080
163,Microsoft Surface Surface Pro 9 (i5 1235U/8GB RAM/256GB SSD/13/Win11/Sapphire)(Bảo hành tại HACOM),Microsoft,Intel,i5,8,16,intel,SSD,256,Windows 11,13,FHD,41.0,0,1.7,28299000,2880x1920,2880,1920
164,Laptop Asus VivoBook X1504ZA-NJ582W (i3 1215U/8GB RAM/512GB SSD/15.6 FHD/Win11/Bạc),Asus,Intel,i3,8,16,intel,SSD,512,Windows 11,15.6,FHD,45.0,1,1.70 ,9899000,1920x1080,1920,1080
165,Laptop Lenovo IdeaPad 3 15IAU7 (82RK00W4VN) (i7 1255U/16GB RAM/512GB SSD/15.6 FHD/Win11/Xám),Lenovo,Intel,i7,8,16,intel,SSD,512,Windows 11,15.6,FHD,45.0,1,1.63 ,15849000,1920x1080,1920,1080
166,Laptop HP Envy X360 13-bf0090TU (76B13PA) (i7 1250U/16GB RAM/512GB SSD/13.3 QHD Cảm ứng/Bút/Win11/Xanh),HP,Intel,i7,16,16,intel,SSD,512,Windows 11,13.3,QHD,51.0,1,1.32 ,27349000,2560x1440,2560,1440
167,Laptop Lenovo V14 Gen 4 (83A0000TVN) (i3 1315U/8GB RAM/512GB SSD/14 FHD/Win11/Xám),Lenovo,Intel,i3,8,16,intel,SSD,512,Windows 11,14,FHD,45.0,1,1.69 ,10199000,1920x1080,1920,1080
168,Laptop Dell Inspiron 14 7430 2 in 1 (N7430I58W1) (i5 1335U/8GB RAM/512GB SSD/14.0 inch FHD+ /Cảm ứng/Bút/Win11/Office HS21/Bạc) ,Dell,Intel,i5,8,16,intel,SSD,512,Windows 11,14.0,FHD,54.0,1,1.58,21549000,1920x1200,1920,1200
169,Laptop Dell Inspiron 3530 (N5I5791W1) (i5 1335U 16GB RAM/512GB SSD/15.6 inch FHD 120Hz/Win11/OfficeHS21/Đen),Dell,Intel,i5,16,16,intel,SSD,512,Windows 11,15.6,FHD,41.0,1,1.65,18099000,1920x1080,1920,1080
170,Laptop Dell Vostro 16 5630 (V5630-i5U165W11GRU) (i5 1335U 16GB RAM/512GB SSD/16.0 inch FHD+/ Win11/Office HS21/Xám/Vỏ nhôm),Dell,Intel,i5,16,16,intel,SSD,512,Windows 11,16.0,FHD,54.0,1,1.9,23299000,1920x1200,1920,1200
171,Microsoft Surface Surface Pro 9 (i5 1235U/8GB RAM/256GB SSD/13/Win11/Graphite)(Bảo hành tại HACOM),Microsoft,Intel,i5,8,16,intel,SSD,256,Windows 11,13,FHD,41.0,0,1.7,28299000,2880x1920,2880,1920
172,Laptop Lenovo Thinkbook 16 Gen 6 (21KH00C0VN) (i5 13500H/16GB RAM/512GB SSD/16 WUXGA/Win11/Xám),Lenovo,Intel,i5,16,64,intel,SSD,512,Windows 11,16,WUXGA,47.0,1,1.7 ,19799000,1920x1200,1920,1200
173,Laptop Asus ZenBook UP3404VA-KN038W (i5 1340P/16GB RAM/512GB SSD/14 Oled Cảm ứng/Win11/Bút/Cáp/Túi/Xanh),Asus,Intel,i5,16,16,intel,SSD,512,Windows 11,14.0,FHD,75.0,1,1.27 ,25299000,2880x1800,2880,1800
174,Laptop Lenovo Thinkpad E16 Gen 1 (21JN0065VA) (i5 1340P/8GB RAM/512GB SSD/16 WUXGA/Dos/Đen),Lenovo,Intel,i5,8,40,intel,SSD,512,Windows 11,16,WUXGA,47.0,1,1.81 ,19799000,1920x1200,1920,1200
175,Laptop Dell Inspiron 14 5430 (20DY31) (i7 1360P/16GB RAM/1TB SSD/14.0 inch FHD+/Win11/Office HS21/Bạc/Vỏ nhôm),Dell,Intel,i7,16,16,intel,SSD,1024,Windows 11,14.0,FHD,54.0,1,1.53,25549000,1920x1200,1920,1200
176,Laptop Asus ZenBook UP3404VA-KN039W (i7 1360P/16GB RAM/512GB SSD/14 Oled Cảm ứng/Win11/Bút/Cáp/Túi/Xanh),Asus,Intel,i7,16,16,intel,SSD,512,Windows 11,14.0,FHD,75.0,1,1.27 ,28349000,2880x1800,2880,1800
177,Laptop HP Pavilion 14-dv2069TU (7C0P1PA) (i3 1215U/8GB RAM/256GB SSD/14 FHD/Win11/Vàng),HP,Intel,i3,8,16,intel,SSD,256,Windows 11,14.0,FHD,41.0,1,1.6 ,12199000,1920x1080,1920,1080
178,Laptop HP 250 G8 (85C69EA) (i5 1135G7/8GB RAM/256GB SSD/15.6 FHD/Dos/Bạc)(NK_Bảo hành tại HACOM),HP,Intel,i5,8,16,intel,SSD,512,Windows 11,15.6,FHD,41.0,1,1.74 ,11299000,1920x1080,1920,1080
179,Laptop HP Pavilion 14-dv2076TU(7C0P4PA) (i5 1235U/8GB RAM/256GB SSD/14 FHD/Win11/Vàng),HP,Intel,i5,8,16,intel,SSD,256,Windows 11,14.0,FHD,41.0,1,1.6 ,15299000,1920x1080,1920,1080
180,Laptop HP Pavilion 15-eg3098TU (8C5L9PA) (i3 1315U/8GB RAM/256GB SSD/15.6 FHD/Win11/Vàng),HP,Intel,i3,8,16,intel,SSD,256,Windows 11,15.6,FHD,41.04,1,1.68 ,12599000,1920x1080,1920,1080
181,Laptop Lenovo Thinkbook 16 Gen 6 (21KH00BVVN) (i5 13500H/32GB RAM/1TB SSD/16 WUXGA/Win11/Xám),Lenovo,Intel,i5,32,64,intel,SSD,1024,Windows 11,16,WUXGA,71.0,1,1.7 ,21299000,1920x1200,1920,1200
182,Laptop Asus VivoBook A1505ZA-L1245W (i5 12500H/8GB RAM/512GB SSD/15.6 OLED/Win11/Bạc),Asus,Intel,i5,8,16,intel,SSD,512,Windows 11,15.6,FHD,50.0,1,1.70 ,15299000,1920x1080,1920,1080
183,Laptop Lenovo Thinkpad E14 Gen 5 (i5 1340P/16GB RAM/512GB SSD/14.0 WUXGA/Dos/ Đen),Lenovo,Intel,i5,8,40,intel,SSD,512,Windows 11,14,WUXGA,47.0,1,1.43 ,19599000,1920x1200,1920,1200
184,Laptop Lenovo Thinkpad E16 Gen 1 (21JN005RVN) (i5 1340P/16GB RAM/512GB SSD/16 WUXGA/Win/Đen),Lenovo,Intel,i5,16,40,intel,SSD,512,Windows 11,16,WUXGA,47.0,1,1.81 ,20299000,1920x1200,1920,1200
185,Laptop Acer Aspire 3 A315-59-381E (NX.K6TSV.006) (i3 1215U/8GB RAM/512GB SSD/15.6 inch FHD/Win 11/Bạc),Acer,Intel,i3,8,32,intel,SSD,512,Windows 11,15.6,FHD,40.0,1,1.7,9999000,1920x1080,1920,1080
186,Laptop HP Pavilion 15-eg3099TU (8C5M0PA) (i3 1315U/8GB RAM/256GB SSD/15.6 FHD/Win11/Bạc),HP,Intel,i3,8,16,intel,SSD,256,Windows 11,15.6,FHD,41.04,1,1.68 ,12599000,1920x1080,1920,1080
187,Laptop Lenovo Yoga Pro 7 14IRH8 (82Y70050VN) (i7 13700H/16GB RAM/512GB SSD/14.5 3K/RTX 4050 6GB/Win11/Xanh),Lenovo,Intel,i7,16,16,nvidia,SSD,512,Windows 11,15.6,FHD,73.0,1,1.49 ,34349000,0x4,0,4
188,Laptop Acer Aspire 3 A315-59-31BT (NX.K6TSV.00L) (i3 1215U/8GB RAM/256GB SSD/15.6 inch FHD/Win 11/Bạc),Acer,Intel,i3,8,32,intel,SSD,256,Windows 11,15.6,FHD,40.0,1,1.7,8899000,1920x1080,1920,1080
189,Laptop Lenovo Yoga 6 14IRH8 (83E00008VN) (i7 13700H/16GB RAM/512GB SSD/14 WUXGA OLED/Win11+Office H&S/Xám),Lenovo,Intel,i7,16,16,intel,SSD,512,Windows 11,14,WUXGA,65.0,1,1.35 ,22349000,1920x1200,1920,1200
190,Laptop Lenovo IdeaPad Slim 5 14ILR8 (82XD007QVN) (i7 13620H/16GB RAM/512GB SSD/14 WUXGA Oled/Win11/Xám),Lenovo,Intel,i7,16,16,intel,SSD,512,Windows 11,14,WUXGA,56.6,1,1.46 ,20349000,1920x1200,1920,1200
191,Laptop MSI Modern 14 (C13M-612VN) (i5 1335U /16GB RAM/512GB SSD/14 inch FHD/Win11/Hồng),MSI,Intel,i5,16,16,intel,SSD,512,Windows 11,14.0,FHD,41.0,1,1.4,15290000,1920x1080,1920,1080
192,Laptop Lenovo Thinkpad T16 Gen 2 (21HH003PVA) (i7 1355U/16GB RAM/512GB SSD/16 WUXGA/Dos/Đen),Lenovo,Intel,i7,16,32,intel,SSD,512,Windows 11,16,WUXGA,52.5,1,1.68 ,28349000,1920x1200,1920,1200
193,Laptop MSI Modern 14 (C13M-608VN) (i5 1335U /16GB RAM/512GB SSD/14 inch FHD/Win11/Đen),MSI,Intel,i5,16,16,intel,SSD,512,Windows 11,14.0,FHD,41.0,1,1.4,15290000,1920x1080,1920,1080
194,Laptop MSI Modern 14 (C13M-609VN) (i5 1335U /8GB RAM/512GB SSD/14 inch FHD/Win11/Bạc),MSI,Intel,i5,8,16,intel,SSD,512,Windows 11,14.0,FHD,41.0,1,1.4,14290000,1920x1080,1920,1080
195,Laptop Dell Inspiron 16 5630 (71020244) (i5 1335U 8GB RAM/512GB SSD/16.0 inch FHD/Win11/Office HS21/Bạc),Dell,Intel,i5,8,16,intel,SSD,512,Windows 11,16.0,FHD,54.0,1,1.9,21499000,1920x1200,1920,1200
196,Laptop MSI Modern 14 (C13M-610VN) (i5 1335U /8GB RAM/512GB SSD/14 inch FHD/Win11/Hồng) ,MSI,Intel,i5,8,16,intel,SSD,512,Windows 11,14.0,FHD,41.0,1,1.4,14290000,1920x1080,1920,1080
197,Laptop MSI Modern 15 (B12MO-487VN) (i7 1255U/16GB RAM/512GB SSD/15.6 inch FHD IPS/Win11/Đen) ,MSI,Intel,i7,16,16,intel,SSD,512,Windows 11,15.6,FHD,41.0,1,1.7,16340000,1920x1080,1920,1080
198,Laptop MSI Modern 15 (B13M-438VN) (i5 1335U /8GB RAM/512GB SSD/15.6 inch FHD/Win11/Đen) ,MSI,Intel,i5,8,16,intel,SSD,512,Windows 11,15.6,FHD,41.0,1,1.7,14290000,1920x1080,1920,1080
199,Laptop Lenovo Thinkpad E14 Gen 5 (21JK00FMVN) (i7 13700H/32GB RAM/1TB SSD/14 WUXGA/Win11/Đen),Lenovo,Intel,i7,16,48,intel,SSD,1024,Dos,14,WUXGA,39.3,1,1.43 ,27849000,1920x1200,1920,1200
200,Laptop Lenovo Thinkpad E14 Gen 5 (21JK00FSVA) (i7 13700H/16GB RAM/512GB SSD/14 WUXGA/Dos/Đen),Lenovo,Intel,i7,16,48,intel,SSD,512,Dos,14,WUXGA,39.3,1,1.43 ,23349000,1920x1200,1920,1200
201,Laptop Lenovo IdeaPad Slim 5 16IAH8 (83BG001XVN) (i5 12450H/16GB RAM/512GB SSD/16 FHD/Win11/Xám),Lenovo,Intel,i5,4,16,intel,SSD,512,Windows 11,16,WUXGA,56.6,1,1.89 ,16099000,1920x1200,1920,1200
202,Laptop Lenovo Thinkpad E14 Gen 5 (21JK006HVA) (i7 1355U/16GB RAM/512GB SSD/14.0 WUXGA/Dos/ Đen),Lenovo,Intel,i7,8,40,intel,SSD,512,Windows 11,14,WUXGA,47.0,1,1.43 ,23349000,1920x1200,1920,1200
203,Laptop HP Envy X360 13-bf0112TU (7C0N9PA) (i5 1230U/16GB RAM/512GB SSD/13.3 QHD Cảm ứng/Bút/Win11/Bạc),HP,Intel,i5,16,16,intel,SSD,512,Windows 11,15.6,FHD,66.0,0,1.34 ,24299000,1920x1080,1920,1080
204,Laptop Dell Workstation Mobile Precision 5680 vPro Enterprise (71023333) (i7-13800H/16GB RAM/512GB SSD/ RTX A1000 6GB/16 inch FHD+/Ubuntu/Xám ,Dell,Intel,i7,16,16,nvidia,SSD,512,Ubuntu,16,FHD,100.0,1,1.905 ,76949000,1920x1200,1920,1200
205,Laptop Dell Inspiron 3520 (D5N53) (i3 1115G4 8GB RAM/256GB SSD/15.6 inch FHD/Win11/Đen) (NK_Bảo hành tại HACOM),Dell,Intel,i3,8,16,intel,SSD,256,Windows 11,15.6,FHD,42.0,1,1.83,9399000,1920x1080,1920,1080
206,Laptop Dell Workstation Mobile Precision 3581 vPro Enterprise (71023331) (i7-13800H/16GB RAM/512GB SSD/RTX A500 4GB/15.6 inch FHD/Ubuntu/Xám) ,Dell,Intel,i7,16,16,nvidia,SSD,512,Ubuntu,15.6,FHD,64.0,1,1.795 ,43349000,1920x1080,1920,1080
207,Laptop MSI Modern 14 (C12MO-660VN) (i5 1235U /16GB RAM/512GB SSD/14.0 inch FHD IPS/Win11/Đen),MSI,Intel,i5,16,16,intel,SSD,512,Windows 11,14.0,FHD,41.0,1,1.4,14790000,1920x1080,1920,1080
208,Laptop Lenovo Yoga Book 9 13IMU9 (83FF001SVN) (Ultra7 155H/32GB RAM/1TB SSD/13.3 2.8K Cảm ứng/Win11/Office H&S/Xanh),Lenovo,Intel,i5,32,16,intel,SSD,1024,Windows 11,15.6,FHD,41.0,1,1.7,63949000,1920x1080,1920,1080
209,Laptop Dell Vostro 3520 (F0V0V) (i5-1235U/8GB RAM/512GB SSD/15.6 inch FHD 120Hz/Dos/Đen) (NK_Bảo hành tại HACOM),Dell,Intel,i5,8,16,intel,SSD,512,Ubuntu,15.6,FHD,41.0,1,1.83,12799000,1920x1080,1920,1080
210,Laptop Lenovo Thinkpad E16 Gen 1 (21JN006UVN) (i7 1360P/16GB RAM/512GB SSD/16 WUXGA/Win11/Đen),Lenovo,Intel,i7,16,40,intel,SSD,512,Windows 11,16,WUXGA,47.0,1,1.81 ,26349000,1920x1200,1920,1200
211,Laptop Acer Aspire 3 A315-56-38B1 (NX.HS5SV.00G) (i3 1005G1/4GB RAM/256GB SSD/15.6 inch FHD/Win 11/Đen),Acer ,Intel,i3,4,12,intel,SSD,256,Windows 11,15.6,FHD,36.7,1,1.7,8199000,1920x1080,1920,1080
212,Laptop Dell Inspiron 14 7430 2 in 1 (CN29D) (i7 1355U/16GB RAM/1TB SSD/14.0 inch FHD+/Cảm ứng/Win11/Bạc/Vỏ nhôm) (NK_Bảo hành tại HACOM),Dell,Intel,i7,16,16,intel,SSD,1024,Windows 11,14.0,FHD,54.0,1,1.58,21849000,1920x1200,1920,1200
213,Laptop Acer Aspire 3 A315-57G-32QP (NX.HZRSV.00A) (i3 1005G1/4GB RAM/256GB SSD/ MX330 2G/15.6 inch FHD/Win 11/Đen),Acer ,Intel,i3,4,20,nvidia,SSD,256,Windows 11,15.6,FHD,36.0,1,1.9,10199000,1920x1080,1920,1080
214,Laptop Dell Vostro 16 5630 (V5630-i5P085W11GRU) (i5 1340P 8GB RAM/512GB SSD/16.0 inch FHD+/Win11/Office HS21/Xám),Dell,Intel,i5,8,16,intel,SSD,512,Windows 11,16.0,FHD,54.0,1,1.9,21799000,1920x1200,1920,1200
215,Laptop Acer Aspire 5 A515-58P-34RJ (NX.KHJSV.003) (i3 1315U/8GB RAM/512GB SSD/15.6 inch FHD/Win 11/Xám),Acer,Intel,i3,8,8,intel,SSD,512,Windows 11,15.6,FHD,50.0,1,1.7,13099000,1920x1080,1920,1080
216,Laptop Acer TravelMate P4 TMP414-51-50HX (NX.VP2SV.00T) (i5 1135G7/8GB RAM/512GB SSD/14.0 inch FHD IPS/Win 11/Xanh/Nhôm),Acer ,Intel,i5,8,32,intel,SSD,512,Windows 11,15.6,FHD,56.0,1,1.4,22289000,1920x1080,1920,1080
217,Laptop Acer Aspire 5 A515-58P-774R (NX.KHJSV.005) (i7 1355U16GB RAM/512GB SSD/15.6 inch FHD IPS/Win11/Xám) (2023),Acer,Intel,i7,16,16,intel,SSD,512,Windows 11,15.6,FHD,50.0,1,1.7,20049000,1920x1080,1920,1080
218,Laptop Dell Vostro 3520 (5M2TT3) (i7 1255U 16GB RAM/512GB SSD/15.6 inch FHD/Win11/OfficeHS21/Xám),Dell,Intel,i7,16,32,intel,SSD,512,Windows 11,15.6,FHD,54.0,1,1.65,22049000,1920x1080,1920,1080
219,Laptop Acer TravelMate P4 TMP414-51-73F4 (NX.VP2SV.00W) (i7 1165G7/16GB RAM/1TB SSD/14.0 inch FHD IPS/Win 11/Xanh/Nhôm),Acer ,Intel,i7,16,32,intel,SSD,1024,Windows 11,15.6,FHD,56.0,1,1.4,29349000,1920x1080,1920,1080
220,Laptop Lenovo Thinkpad X1 Fold Gen 1 (i5 /8GB RAM/512GB SSD/13.3 WXGA/Win Pro/Đen/5G),Dell,Intel,i5,8,16,intel,SSD,512,Windows 10,15.6,FHD,41.0,1,0.999 ,60899000,2048x1536,2048,1536
221,Laptop Dell Workstation Mobile Precision 3480 vPro (71024682) (i7-1370P/32GB RAM/1TB SSD/RTX A500 4GB/14 inch FHD/ Win 11 Pro/Xám) ,Dell,Intel,i7,32,16,nvidia,SSD,1024,Windows 11,14,FHD,54.0,1,1.39 ,49349000,1920x1080,1920,1080
222,Laptop Dell Mobile Precision Workstation 7680 vPro (71024681) (i7-13850HX/32GB RAM/1TB SSD/RTX2000 Ada 8GB/16 inch FHD+/ Win 11 Pro/Xám) ,Dell,Intel,i7,32,16,nvidia,SSD,1024,Windows 11,16,FHD,83.0,1,2.60 ,79349000,1920x1200,1920,1200
223,Laptop Acer Aspire 3 A315-58-35AG (NX.ADDSV.00B) (i3 1115G4/4GB RAM/256GB SSD/ 15.6 inch FHD/ Win 11/Bạc),Acer ,Intel,i3,4,12,intel,SSD,256,Windows 11,15.6,FHD,36.7,1,1.7,8899000,1920x1080,1920,1080
224,Laptop Dell Mobile Precision Workstation 7680 vPro (71023334) (i7-13850HX /16GB RAM/512GB SSD/RTX2000 Ada 8GB/16 inch FHD+/Ubuntu/Xám) ,Dell,Intel,i7,16,16,nvidia,SSD,512,Ubuntu,16,FHD,83.0,1,2.60 ,73049000,1920x1200,1920,1200
225,"Laptop Dell Workstation Mobile Precision 5680 vPro Enterprise (71023332) (i7-13800H/16GB RAM/512GB SSD/RTX2000 ADA 8GB, 16 inch FHD+/Ubuntu/Xám) ",Dell,Intel,i7,16,16,nvidia,SSD,512,Ubuntu,16,FHD,100.0,1,1.905 ,83349000,1920x1200,1920,1200
226,Laptop Acer TravelMate P4 TMP414-51G-59R6 (NX.VP9SV.001) (i5 1135G7/16GB RAM/512GB SSD/MX350 2G/14.0 inch FHD IPS/Win 11/Xanh/Nhôm),Acer ,Intel,i5,16,32,nvidia,SSD,512,Windows 11,15.6,FHD,56.0,1,1.4,25789000,1920x1080,1920,1080
227,Laptop Acer Aspire 3 A315-58-54M5 (NX.ADDSV.00M) (i5 1135G7/8GB RAM/512GB SSD/15.6 inch FHD/ Win 11/Bạc),Acer,Intel,i5,8,12,intel,SSD,512,Windows 11,15.6,FHD,36.7,1,1.7,13299000,1920x1080,1920,1080
228,Laptop Acer Aspire 3 A315-59-321N (NX.K6TSV.009) (i3 1215U/8GB RAM/256GB SSD/15.6 inch FHD/Win 11/Bạc),Acer,Intel,i3,8,32,intel,SSD,256,Windows 11,15.6,FHD,40.0,1,1.7,9899000,1920x1080,1920,1080
229,Laptop Dell XPS 15 9530 (71015716) (i7 13700H/16GB RAM/512GB SSD/RTX4050 6G/15.6 inch 3.5K OLED Cảm ứng/Win 11/Office HS21/Bạc/Nhôm) ,Dell,Intel,i7,16,16,nvidia,SSD,512,Windows 11,15.6,FHD,86.0,1,1.96,68349000,3456x2160,3456,2160
230,Laptop Asus VivoBook A415EA-EB1750W (I3 1125G4/8GB RAM/256GB SSD/14 FHD/Win11/Bạc),Asus,Intel,i3,8,8,intel,SSD,256,Windows 11,14,FHD,42.0,1,1.35 ,12399000,1920x1080,1920,1080
231,Laptop Dell Inspiron 7306 (5934SLV) (i5 1135G7 8GBRAM/512GB SSD/13.3 inch FHD Touch/Win10/Bạc/Vỏ nhôm) (NK_Bảo hành tại HACOM),Dell,Intel,i5,8,16,intel,SSD,512,Windows 10,15.6,FHD,60.0,1,1.37,19299000,1920x1080,1920,1080
232,Laptop Vaio FE 14 (VWNC51427-RG) (i5-1235U/8GB RAM/512GB SSD/14.1 inch FHD IPS/Win11/Hồng) (NK_Bảo hành tại HACOM),VAIO,Intel,i5,8,16,intel,SSD,512,Windows 11,14.1,FHD,41.0,1,1.6,16299000,1920x1080,1920,1080
233,Microsoft Surface Go 3 (Intel i3 10100Y/8GB RAM/128GB SSD/10.5/Win/Bạc/LTE)(Bảo hành tại HACOM),Microsoft,Intel,i3,8,16,intel,SSD,128,Windows 11,10.5,FHD,41.0,0,0.56,21699000,1280x1920,1280,1920
234,Microsoft Surface Go 3 (Intel i3 10100Y/8GB RAM/128GB SSD/10.5/Win/Bạc)(Bảo hành tại HACOM),Microsoft,Intel,i3,8,16,intel,SSD,128,Windows 11,10.5,FHD,41.0,0,0.56,19199000,1280x1920,1280,1920
235,Laptop Lenovo IdeaPad 5 14ITL05 (82FE00BFVN) (Core i5 1135G7/8GB RAM/512GB SSD/14 FHD/Win10/Xám),Dell,Intel,i5,8,8,intel,SSD,512,Windows 10,14.0,FHD,44.5,1,1.391 ,17779000,1920x1080,1920,1080
236,Laptop Lenovo IdeaPad 3 14ITL6 (82H7003UVN) (Core i5 1135G7/8GB RAM/512GB SSD/14 FHD/Win10/Xám),Dell,Intel,i5,8,12,intel,SSD,512,Windows 11,14,FHD,38.0,1,1.41 ,18079000,1920x1080,1920,1080
237,Laptop Asus ExpertBook B5302CEA-KG0493W(i5 1135G7/8GB RAM/512GB SSD/13.3 Oled/Win11/Đen),Asus,Intel,i5,8,16,intel,SSD,512,Windows 11,13.3,FHD,66.0,1,1.20 ,21299000,1920x1080,1920,1080
238,Laptop HP ProBook 440 G6 8AZ16PA (i5 8265U/8GB RAM/256GB SSD/14 inch FHD/Dos),Dell,Intel,i5,8,32,intel,SSD,512,Windows 11,15.6,FHD,45.0,1,1.6,18379000,1920x1080,1920,1080
239,Laptop HP ProBook 430 G8 (2Z6E9PA) (i5 1135G7/4GB RAM/256GB SSD /13.3 FHD/FP/DOS/Bạc),Dell,Intel,i5,4,16,intel,SSD,256,Dos,13.3,FHD,45.0,1,1.255 ,18989000,1920x1080,1920,1080
240,Laptop HP ProBook 430 G8 (348D6PA) (i5 1135G7/8GB RAM/512GB SSD /13.3 FHD/FP/Dos/Bạc),Dell,Intel,i5,8,32,intel,SSD,512,Dos,13.3,FHD,45.0,1,1.255 ,20499000,1920x1080,1920,1080
241,Laptop HP ProBook 430 G8 (2Z6T0PA) (i5 1135G7/8GB RAM/256GB SSD /13.3 FHD/FP/Dos/Bạc),Dell,Intel,i5,8,32,intel,SSD,256,Windows 11,13.3,FHD,45.0,1,1.255 ,19699000,1920x1080,1920,1080
242,Laptop HP ProBook 450 G8 (2H0W1PA) (i5 1135G7/8GB RAM/256GB SSD /15.6 FHD/MX450 2GB/FP/Win/Bạc),Dell,Intel,i5,8,32,intel,SSD,256,Windows 10,15.6,FHD,45.0,1,1.683 ,22299000,1920x1080,1920,1080
243,Laptop Lenovo ThinkBook 15 G2 ITL (20VE006WVN) (i5 1135G7/8GB RAM/512GB SSD/15.6 FHD/DOS/Xám),Lenovo ,Intel,i5,8,40,intel,SSD,512,No OS,15.6,FHD,45.0,1,1.80 ,19999000,1920x1080,1920,1080
244,Laptop HP ProBook 430 G8 (2H0N7PA) (i5 1135G7/4GB RAM/512GB SSD /13.3 FHD/FP/Win/Bạc),Dell,Intel,i5,4,32,intel,SSD,512,Windows 10,13.3,FHD,45.0,1,1.264 ,20199000,1920x1080,1920,1080
245,Laptop HP ProBook 430 G8 (2H0N8PA) (i5 1135G7/8GB RAM/256GB SSD /13.3 FHD/FP/Win/Bạc),Dell,Intel,i5,8,32,intel,SSD,256,Windows 10,13.3,FHD,45.0,1,1.263 ,20499000,1920x1080,1920,1080
246,Laptop HP Pavilion x360 14-dw1019TU (2H3N7PA) (i7 1165G7/8GB RAM/512GB SSD/14 Touch FHD/Win10/Office/Bút/Vàng),Dell,Intel,i7,4,32,intel,SSD,512,Windows 10,14.0,FHD,43.3,1,1.65 ,23579000,1920x1080,1920,1080
247,Laptop HP ProBook 430 G8 (2H0N6PA) (i5 1135G7/4GB RAM/256GB SSD /13.3 FHD/FP/Win/Bạc),Dell,Intel,i5,4,32,intel,SSD,256,Windows 10,13.3,FHD,45.0,1,1.255 ,19289000,1920x1080,1920,1080
248,Laptop Lenovo Thinkpad T14 Gen 3 (21AJS1HQ00) (i7 1260P/16GB RAM/512GB SSD/14 FHD/Win11 Pro/Đen),Lenovo,Intel,i7,16,16,amd,SSD,512,Windows 11,14.0,FHD,41.0,1,1.5 ,38349000,1920x1080,1920,1080
249,Laptop HP ProBook 450 G6 8AZ17PA (i5 8265U/8GB RAM/256 GB SSD/15.6 inch FHD/Dos),Dell,Intel,i5,8,32,intel,SSD,512,Windows 11,15.6,FHD,45.0,1,1.85,18379000,1920x1080,1920,1080
250,Laptop Lenovo Thinkpad T14 Gen 3 (21AJS1HS00) (i7 1255U/16GB RAM/512GB SSD/14 FHD/Dos/Đen),Lenovo,Intel,i7,16,16,amd,SSD,512,Dos,14.0,FHD,41.0,1,1.5 ,36349000,1920x1080,1920,1080
251,Laptop Lenovo IdeaPad 3 14ITL6 (82H700DNVN) (Core i3 1115G4/8GB RAM/512GB SSD/14 FHD/Win10/Xám),Dell,Intel,i3,8,12,intel,SSD,512,Windows 11,14,FHD,38.0,1,1.41 ,14949000,1920x1080,1920,1080
252,Laptop Lenovo Yoga Slim 7 Pro 14IHU5 O (82NH008TVN) (i7 11370H /16GB RAM/1TB SSD/14 2.8K/MX450 2GB/Win11/Xám),Lenovo,Intel,i7,16,16,nvidia,SSD,1024,Windows 11,14,FHD,61.0,1,1.38 ,30349000,2880x1800,2880,1800
253,Laptop Lenovo IdeaPad 5 14ILT05 (82FE000GVN) (Core i5 1135G7/8GB RAM/512GB SSD/14 FHD/Win10/Xám),Dell,Intel,i5,8,8,intel,SSD,512,Windows 10,14,FHD,44.5,1,1.38 ,17169000,1920x1080,1920,1080
254,Laptop Dell Vostro 3400 (i5 1135G7 8GB RAM/512GB SSD/14.0 inch FHD/Ubuntu/Đen) (NK_Bảo hành tại HACOM),Dell,Intel,i5,8,16,intel,HDD,512,Windows 11,14.0,FHD,42.0,1,1.64,13299000,1920x1080,1920,1080
255,Laptop Dell Inspiron 5620 (N6I7009W1) (i7 1255U 16GB RAM/512GB SSD/16.0 inch FHD+/Win11/Office HS21/Bạc),Dell,Intel,i7,16,32,intel,SSD,512,Windows 11,16.0,FHD,54.0,1,1.87,24049000,1920x1200,1920,1200
256,Laptop Dell Inspiron 3511 (JNM5H) (i5 1135G7 8GB RAM/256GB SSD/15.6 inch FHD/Win11/Đen) (NK_Bảo hành tại HACOM),Dell,Intel,i5,8,32,intel,SSD,256,Windows 11,15.6,FHD,41.0,1,1.73,13399000,1920x1080,1920,1080
257,Laptop Dell Vostro 3400 (i3 1115G4 8GB RAM/256GB SSD/14.0 inch FHD/Ubuntu/Đen) (NK_Bảo hành tại HACOM),Dell,Intel,i3,8,16,intel,HDD,256,Windows 11,14.0,FHD,42.0,1,1.64,9199000,1920x1080,1920,1080
258,Laptop Dell Latitude 3420 (42LT342003) (i7 1165G7 8GB RAM/256GB SSD/14.0 inch FHD/Fedora/Đen) ,Dell,Intel,i7,8,32,intel,SSD,256,Fedora,15.6,FHD,41.0,1,1.52,22849000,1920x1080,1920,1080
259,Laptop Dell Latitude 3420 (L3420I5SSDF/DFB) (i5 1135G7 8GB/256GB SSD/14.0FHD/Fedora/Đen),Dell,Intel,i5,8,32,intel,SSD,256,Fedora,15.6,FHD,41.0,1,1.52,16199000,1920x1080,1920,1080
260,Laptop Dell Inspiron 5620 (P1WKN) (i5 1235U 8GB RAM/256GB SSD/16.0 inch FHD+/Win11/Office HS21/Bạc),Dell,Intel,i5,8,32,intel,SSD,256,Windows 11,16.0,FHD,54.0,1,1.87,18099000,1920x1200,1920,1200
261,Laptop Dell Latitude 3520 (70280536) (i3 1115G4 8GB RAM/256GB SSD/15.6 inch HD/Win11/Đen) (2021),Dell,Intel,i5,8,32,intel,SSD,256,Windows 11,15.6,FHD,41.0,1,1.79,12099000,1920x1080,1920,1080
262,Laptop Dell Laptop Dell Latitude 7320 (9PPWV) (i5 1145G7 16GB/256GB SSD/13.3FHD/Win10 Pro/Đen) (NK_Bảo hành tại HACOM),Dell,Intel,i5,16,16,intel,SSD,256,Windows 10,13.3,FHD,41.0,1,1.15,18299000,1920x1080,1920,1080
263,Laptop Dell Vostro 3420 (V4I7310W1) (i7 1255U 8GB RAM/512GB SSD/MX550 2G/14.0FHD/Win11/OfficeHS21/Xám),Dell,Intel,i7,8,16,nvidia,SSD,512,Windows 11,14.0,FHD,41.0,1,1.48,22349000,1920x1080,1920,1080
264,Laptop Dell XPS 9710 (XPS7I7001W1) (I7 11800H/16GB/1TB SSD/RTX3050 4G/17.0UHD+Touch/Win11/OfficeHS/Bạc),Dell,Intel,i7,16,64,intel,SSD,1024,Windows 11,15.6,FHD,97.0,1,2.42,57349000,1920x1080,1920,1080
265,Laptop Dell Vostro 3520 (5M2TT1) (i3 1215U 8GB RAM/512GB SSD/15.6 inch FHD/Win11/OfficeHS21/Xám),Dell,Intel,i3,8,32,intel,SSD,512,Windows 11,15.6,FHD,41.0,1,1.65,14699000,1920x1080,1920,1080
266,Laptop Dell Inspiron 7506 2 in 1 (i7506-5903SLV) (i5 1135G7/8GB RAM/256GB SSD/15.6inch FHD/Cảm ứng/Win11/Bạc) (NK_Bảo hành tại HACOM),Dell,Intel,i5,8,16,intel,SSD,256,Windows 11,15.6,FHD,53.0,1,1.9,18299000,1920x1080,1920,1080
267,Laptop LG Gram 14ZD90Q-G.AX31A5 (i3-1220P/8GB RAM/256GB SSD/14.0 inch WUXGA/Dos/Trắng) (2022),LG,Intel,i3,8,16,intel,SSD,256,Dos,14.0,WUXGA,72.0,1,1.7,22699000,1920x1200,1920,1200
268,Laptop Dell Vostro 3520 (Intel Core i5-1235U/8GB RAM/512GB SSD/MX550 2GB/15.6 inch FHD 120Hz\/Bàn phím UK/Dos/Đen) (NK_Bảo hành tại HACOM),Dell,Intel,i5,8,16,nvidia,SSD,512,Windows 11,15.6,FHD,41.0,1,1.66,15299000,1920x1080,1920,1080
269,Laptop Dell Vostro 3520 (Intel Core i5-1235U/8GB RAM/512GB SSD/15.6 inch FHD 120Hz/Dos/Xám) (NK_Bảo hành tại HACOM),Dell,Intel,i5,8,16,intel,SSD,512,Windows 11,15.6,FHD,41.0,1,1.66,14299000,1920x1080,1920,1080
270,Laptop Vaio FE 15 (VWNC51527-BK) (i5-1235U/8GB RAM/512GB SSD/15.6 inch FHD IPS/Win11/Đen) (NK_Bảo hành tại HACOM),VAIO,Intel,i5,8,16,intel,SSD,512,Windows 11,15.6,FHD,41.0,1,1.8,18299000,1920x1080,1920,1080
271,Laptop Dell Inspiron 14 5420 (70295791) (i7 1255U/16GB RAM/1TB SSD/MX570 2G/14.0 inch FHD+/ Win11/Office HS21/Bạc) ,Dell,Intel,i7,16,16,nvidia,SSD,1024,Windows 11,14.0,FHD,54.0,1,1.54,28349000,1920x1200,1920,1200
272, Laptop Dell Inspiron 3511 (5101BLK) (i5 1135G7 8GBRAM/256GB SSD/15.6 inch FHD Cảm ứng/Win11/Đen) (NK_Bảo hành tại HACOM),Dell,Intel,i5,8,16,intel,SSD,256,Windows 11,15.6,FHD,41.0,1,1.73,13799000,1920x1080,1920,1080
273,Laptop Dell Inspiron 3520 (i5 1135G7 16GB RAM/512GB SSD/15.6 inch FHD 120Hz/Ubuntu/Đen) (NK_Bảo hành tại HACOM),Dell,Intel,i5,16,16,intel,SSD,512,Ubuntu,15.6,FHD,41.0,1,1.83,14599000,1920x1080,1920,1080
274,Laptop Dell Inspiron 14 7430 2 in 1 (I7430-5800SLV)(i5 1335U 8GB RAM/512GB SSD/14 inch FHD+/Cảm ứng/Win11/Bạc/Vỏ nhôm) (NK_Bảo hành tại HACOM),Dell,Intel,i5,8,16,intel,SSD,512,Windows 11,14,FHD,54.0,1,1.58,18299000,1920x1200,1920,1200
275,Laptop Dell Inspiron 3520 (i5 1135G7 8GB RAM/512GB SSD/15.6FHD 120Hz/Ubuntu/Bạc) (NK_Bảo hành tại HACOM),Dell,Intel,i5,8,16,intel,SSD,512,Windows 11,15.6,FHD,41.0,1,1.83,13699000,1920x1080,1920,1080
276,Laptop Dell Inspiron 3511 (PDP3H) (Intel Core i5 1135G7/8GB RAM/256GB SSD/15.6inch FHD/Win 11/ Bạc) (NK_Bảo hành tại HACOM),Dell,Intel,i5,8,16,intel,SSD,256,Windows 11,15.6,FHD,41.0,1,1.73,13799000,1920x1080,1920,1080
277,Laptop Dell Vostro 3510 (i5 1135G7 16GB RAM/512GB SSD/15.6 inch FHD/Ubuntu/Đen) (NK_Bảo hành tại HACOM),Dell,Intel,i5,16,16,intel,SSD,512,Ubuntu,15.6,FHD,41.0,1,1.69,14599000,1920x1080,1920,1080
278,Laptop Lenovo Thinkpad E14 (21E4S2GP00 ) (i5 1235U/16GB RAM/512GB SSD/14.0 FHD/Dos/ Đen),Lenovo,Intel,i5,16,40,intel,SSD,512,Dos,14,FHD,45.0,1,1.64 ,20299000,1920x1080,1920,1080
279,LAPTOP DELL LATITUDE 5520 (I5 1145G7 8GB RAM/256GB SSD/15.6 INCH FHD/UBUNTU/XÁM/VỎ NHÔM),Dell,Intel,i5,8,32,intel,SSD,256,Ubuntu,15.6,FHD,63.0,1,1.59,16299000,1920x1080,1920,1080
280,Laptop Dell Latitude 3420 (L3420I5SSDF512) (i5 1135G7 8GB RAM/512GB SSD/14.0 inch FHD/Fedora/Đen) ,Dell,Intel,i5,8,32,intel,SSD,512,Fedora,15.6,FHD,41.0,1,1.52,16799000,1920x1080,1920,1080
281,Laptop Vaio FE 14 (VWNC51427-SL) (i5-1235U/8GB RAM/512GB SSD/14.1 inch FHD IPS/Win11/Bạc) (NK_Bảo hành tại HACOM),VAIO,Intel,i5,8,16,intel,SSD,512,Windows 11,14.1,FHD,41.0,1,1.6,15999000,1920x1080,1920,1080
282,Laptop Vaio FE 15 (VWNC51527-SL) (i5-1235U/8GB RAM/512GB SSD/15.6 inch FHD IPS/Win11/Bạc) (NK_Bảo hành tại HACOM),VAIO,Intel,i5,8,16,intel,SSD,512,Windows 11,15.6,FHD,41.0,1,1.8,17899000,1920x1080,1920,1080
283,Laptop Dell Inspiron 5620 (N6I7004W1) (i7 1255U 16GB RAM/512GB SSD/MX570 2G/16.0 inch FHD+/Win11/Office HS21/Bạc),Dell,Intel,i7,16,16,nvidia,SSD,512,Windows 11,16.0,FHD,54.0,1,1.91,27049000,1920x1200,1920,1200
284,Laptop Dell Vostro 5620 (VWXVW) (i5 1240P 16GB/512GB SSD/MX570 2GB/16 FHD+/Win11/Office HS21/Xám),Dell,Intel,i5,16,16,nvidia,SSD,512,Windows 11,16.0,FHD,54.0,1,1.91,24299000,1920x1200,1920,1200
285,Laptop Dell Inspiron 3530 (71011775) (i7 1355U 8GB/512GB SSD/15.6FHD/Win11/Office HS21/Đen),Dell,Intel,i7,8,32,intel,SSD,512,Windows 11,15.6,FHD,41.0,1,1.65,20149000,1920x1080,1920,1080
286,Laptop Asus VivoBook A415EA-EB1474W (i5 1135G7/8GB RAM/512GB SSD/14 FHD/Win11/Đen),Asus,Intel,i5,8,16,intel,SSD,512,Windows 11,14.0,FHD,42.0,1,1.40 ,16299000,1920x1080,1920,1080
287,Laptop Dell Latitude 3520 (70280543) (i5 1135G7 8GB RAM/256GB SSD/15.6 inch FHD/Win11/Đen) (2021),Dell,Intel,i5,8,32,intel,SSD,256,Windows 11,15.6,FHD,41.0,1,1.79,17299000,1920x1080,1920,1080
288,Laptop Dell Inspiron 3520 (N5I5122W1) (i5 1235U 8GB RAM/256GB SSD/15.6 inch FHD/Win11/OfficeHS21/Đen),Dell,Intel,i5,8,16,intel,SSD,256,Windows 11,15.6,FHD,41.0,1,1.65,15799000,1920x1080,1920,1080
289,Laptop Dell Inspiron 3520 (N3520-i3U082W11BLU) (i3 1215U 8GB RAM/256GB SSD/15.6 inch FHD/Win11/OfficeHS21/Đen),Dell,Intel,i3,8,32,intel,SSD,256,Windows 11,15.6,FHD,41.0,1,1.65,12299000,1920x1080,1920,1080
290,Laptop Dell Latitude 3540 (71021489) (i7-1355U/16GB RAM/512GB SSD/ 15.6 inch FHD/ Fedora/Xám),Dell,Intel,i7,16,16,intel,SSD,512,Fedora,15.6,FHD,42.0,1,1.86 ,25749000,1920x1080,1920,1080
291,Laptop Dell Latitude 9440 2-in-1 (71021494) (i7-1365U/16GB RAM/512GB SSD/14 inch QHD /Cảm ứng/ Bút/Win 11 Pro/Xám),Dell,Intel,i7,16,16,intel,SSD,512,Windows 11,14,QHD,60.0,1,1.53 ,70349000,2560x1600,2560,1600
292,"Laptop Lenovo Yoga S 7 Pro 14IAH7 (82UT006CVN) (i7 12700H/16GB RAM/512GB SSD/14"" OLED 2.8K/90Hz/Win11/Xám)",Lenovo,Intel,i7,16,16,intel,SSD,512,Windows 11,14,FHD,61.0,1,1.40 ,21849000,2880x1800,2880,1800
293,Laptop Dell Latitude 3540 (71024262) (i7-1355U/16GB RAM/512GB SSD/15.6 inch HD/Fedora/Xám),Dell,Intel,i7,16,16,intel,SSD,512,Fedora,15.6,FHD,42.0,1,1.86 ,25049000,1366x768,1366,768
294,Laptop Dell Latitude 5440 (71021491) (i5-1335U/8GB RAM/256GB SSD/14 inch FHD/Fedora/Xám),Dell,Intel,i5,8,16,intel,SSD,512,Fedora,14.0,FHD,42.0,1,1.39 ,23099000,1920x1080,1920,1080
295,Laptop Dell Latitude 3540 (71021486) (i3-1315U/8GB RAM/256GB SSD/15.6 inch FHD/Xám/Fedora),Dell,Intel,i3,8,16,intel,SSD,512,Fedora,15.6,FHD,42.0,1,1.86 ,16199000,1920x1080,1920,1080
296,Laptop Dell Latitude 5440 (71021492) (i7-1355U/16GB RAM/512GB SSD/14 inch FHD/ Fedora/Xám),Dell,Intel,i7,16,16,intel,SSD,512,Fedora,14.0,FHD,42.0,1,1.39 ,30349000,1920x1080,1920,1080
297,Laptop Dell Latitude 3540 (71021488) (i7-1355U/8GB RAM/512GB SSD/ 15.6 inch FHD/ Fedora/Xám),Dell,Intel,i7,8,16,intel,SSD,512,Fedora,15.6,FHD,42.0,1,1.86 ,23049000,1366x768,1366,768
298,Laptop Dell Latitude 5330 (27KJ4) (i5 1245U/16GB RAM/256GB  SSD/13.3 inch FHD/Cảm ứng/Win11 Pro/Xám) (NK_Bảo hành tại HACOM),Dell,Intel,i5,16,16,intel,SSD,256,Windows 11,13.3,FHD,41.0,1,1.2,17599000,1920x1080,1920,1080
299,Laptop Dell Workstation Mobile Precision 3581 vPro Enterprise (71024679) (i7-13800H/ 32GB RAM/1TB SSD/A1000 6GB/15.6 inch FHD/Win 11 Pro/Xám) ,Dell,Intel,i7,32,16,nvidia,SSD,1024,Windows 11,15.6,FHD,64.0,1,1.795 ,56349000,1920x1080,1920,1080
300,Laptop Lenovo IdeaPad Slim 5 16AIH8 (83BG004EVN) (i5 12450H/16GB RAM/1TB SSD/16 WUXGA/Win11/Xám),Lenovo,Intel,i5,4,16,intel,SSD,1024,Windows 11,16,WUXGA,56.6,1,1.89 ,15799000,1920x1200,1920,1200
301,"Laptop Lenovo Thinkpad E14 Gen 5 (21JK006QVA) (i5 1335U/8GB RAM/512GB SSD/14"" WUXGA /Dos/ Đen)",Lenovo,Intel,i5,8,40,intel,SSD,512,Dos,14,WUXGA,47.0,1,1.53 ,18299000,1920x1200,1920,1200
302,Laptop HP Pavilion 14-dv2077TU(7C0W3PA) (i5 1235U/8GB RAM/256GB SSD/14 FHD/Win11/Bạc),HP,Intel,i5,8,16,intel,SSD,256,Windows 11,14.0,FHD,41.0,1,1.6 ,15299000,1920x1080,1920,1080
303,Laptop HP ProBook 430 G8 (51X35PA) (i5 1135G7/4GB RAM/256GB SSD /13.3 FHD/Win/Bạc),Dell,Intel,i5,4,16,intel,SSD,256,Windows 10,15.6,FHD,45.0,1,1.263 ,18299000,1920x1080,1920,1080
304,Laptop Dell Vostro 3400 (i5 1135G7 16GB RAM/256GB SSD + 1TB HDD/MX330 2G/14.0 inch HD/Dos/Đen) (NK_Bảo hành tại HACOM),Dell,Intel,i5,16,16,nvidia,HDD,256,Windows 11,14.0,FHD,42.0,1,1.64,13299000,1336x768,1336,768
305,Laptop Lenovo V14 Gen 4 (83FR0017VN) (i5 12500H/16GB RAM/512GB SSD/14 FHD/Dos/Đen),Lenovo,Intel,i5,8,16,intel,SSD,512,No OS,14,FHD,45.0,1,1.69 ,12299000,1920x1080,1920,1080
306,Laptop Dell Workstation Mobile Precision 3581 vPro Enterprise (71024677) (i7-13800H/32GB RAM/1TB SSD/RTX A500 4GB/15.6 inch FHD/ Win 11 Pro/Xám),Dell,Intel,i7,32,16,nvidia,SSD,1024,Windows 11,15.6,FHD,64.0,1,1.795 ,52849000,1920x1080,1920,1080
307,Laptop HP Pavilion 14-dv2074TU(7C0P3PA) (i5 1235U/8GB RAM/512GB SSD/14 FHD/Win11/Vàng),HP,Intel,i5,8,16,intel,SSD,512,Windows 11,14.0,FHD,41.0,1,1.6 ,16099000,1920x1080,1920,1080
308,Laptop HP Pavilion 15-eg3094TU (8C5L5PA) (i5 1335U/8GB RAM/512GB SSD/15.6 FHD/Win11/Vàng),HP,Intel,i5,8,16,intel,SSD,512,Windows 11,15.6,FHD,41.04,1,1.68 ,18499000,1920x1080,1920,1080
309,Laptop HP Pavilion 15-eg3092TU (8C5L3PA) (i7 1355U/8GB RAM/512GB SSD/15.6 FHD/Win11/Vàng),HP,Intel,i7,8,16,intel,SSD,512,Windows 11,15.6,FHD,41.04,1,1.68 ,21949000,1920x1080,1920,1080
310,Laptop HP Pavilion 15-eg3091TU (8C5L2PA) (i7 1355U/16GB RAM/512GB SSD/15.6 FHD/Win11/Vàng),HP,Intel,i7,16,16,intel,SSD,512,Windows 11,15.6,FHD,41.04,1,1.68 ,23149000,1920x1080,1920,1080
311,Laptop HP Pavilion X360 14-ek1047TU (80R25PA) (i7 1355U/16GB RAM/512GB SSD/14 FHD Cảm ứng/Bút/Win11/Vàng),HP,Intel,i7,16,16,intel,SSD,512,Windows 11,14.0,FHD,43.3,1,1.53 ,25349000,1920x1080,1920,1080
312,Laptop Acer Aspire 3 A315-59-314F (NX.K6TSV.002) (i3 1215U/8GB RAM/256GB SSD/15.6 inch FHD/Win 11/Bạc),Acer,Intel,i3,8,32,intel,SSD,256,Windows 11,15.6,FHD,40.0,1,1.7,8999000,1920x1080,1920,1080
313,Laptop Acer Aspire 5 A514-56P-562P (NX.KHRSV.008) (i5-1335U/8GB RAM/ 512GB SSD/14 inch FHD+/Win11/Xám) ,Acer,Intel,i5,8,16,intel,SSD,512,Windows 11,14,WUXGA,50.0,1,1.5,15299000,1920x1200,1920,1200
314,Laptop Acer Aspire 5 A515-58P-71EJ (NX.KHJSV.00A) ((i7-1355U/16GB RAM/1TB SSD/15.6 inch FHD /Win11/Xám) ,Acer,Intel,i7,16,16,intel,SSD,1024,Windows 11,15.6,FHD,50.0,1,1.7,19849000,1920x1080,1920,1080
315,Laptop HP Pavilion X360 14-ek1048TU (80R26PA) (i5 1335U/8GB RAM/512GB SSD/14 FHD Cảm ứng/Bút/Win11/Vàng,HP,Intel,i5,8,16,intel,SSD,512,Windows 11,14.0,FHD,43.3,1,1.53 ,21099000,1920x1080,1920,1080
316,Laptop HP Pavilion 15-eg3112TU (8U6L9PA) (i7 1355U/16GB RAM/512GB SSD/15.6 FHD/Win11/Bạc),HP,Intel,i7,16,16,intel,SSD,512,Windows 11,15.6,FHD,41.04,1,1.68 ,23149000,1920x1080,1920,1080
317,Laptop Dell Vostro 3400 (i3 1115G4 8GB RAM/512GB SSD/14.0 inch HD/Ubuntu/Đen) (NK_Bảo hành tại HACOM)	,Dell,Intel,i3,8,16,intel,HDD,512,Ubuntu,14.0,FHD,42.0,1,1.64,9199000,1920x1080,1920,1080
318,Laptop Acer Aspire 3 A315-59-38PG (NX.K6TSV.00A) (i3 1215U/8GB RAM/512GB SSD/15.6 inch FHD/Win 11/Bạc),Acer,Intel,i3,8,32,intel,SSD,512,Windows 11,15.6,FHD,40.0,1,1.7,10899000,1920x1080,1920,1080
319,Laptop Dell Inspiron 16 5630 (N5630-i7P165W11SL2050) (i7 1360P 16GB RAM/512GB SSD/RTX2050 4G/16.0 inch FHD+/Win11/Office HS21/Bạc/Vỏ nhôm),Dell,Intel,i7,16,16,nvidia,SSD,512,Windows 11,16.0,FHD,54.0,1,1.9,28949000,1920x1200,1920,1200
320,Laptop Acer Aspire 5 Spin 14 A5SP14-51MTN-78JH (NX.KHTSV.003) (i7 1355U/16GB RAM/512GB SSD/14.0inch WUXGA IPS/Cảm ứng/ Bút/Win11/ Xám) (2023),Acer,Intel,i7,16,16,intel,SSD,512,Windows 11,14,WUXGA,50.0,1,1.6,23349000,1920x1200,1920,1200
321,Laptop Acer Aspire 5 A514-55-5954 (NX.K5BSV.001) (i5 1235U/8GB RAM/512GB SSD/14.0 inch FHD/Win11/Xám) ,Acer,Intel,i5,8,20,intel,SSD,512,Windows 11,14.0,FHD,50.0,1,1.4,15299000,1920x1080,1920,1080
322,Laptop Dell Inspiron 5620 (N6I7110W1) (i7 1255U 8GB RAM/512GB SSD/16.0 inch FHD+/Win11/Office HS21/Bạc),Dell,Intel,i7,8,16,intel,SSD,512,Windows 11,16.0,FHD,54.0,1,1.91,21649000,1920x1200,1920,1200
323,Laptop Dell XPS 13 Plus 9320 (71013325) (i5 1340P/16GB RAM/512GB SSD/13.4 inch 3.5K OLED cảm ứng/Win11/OfficeHS21/Bạc/Vỏ nhôm) ,Dell,Intel,i5,16,16,intel,SSD,512,Windows 11,13.4,FHD,55.0,1,1.23,50299000,3456x2160,3456,2160
324,Laptop Acer Aspire 3 A315-58-529V (NX.ADDSV.00N) (i5 1135G7/4GB RAM /256GB SSD/15.6 inch FHD/Win 11/Bạc),Acer,Intel,i5,4,12,intel,SSD,256,Windows 11,15.6,FHD,36.7,1,1.7,11799000,1920x1080,1920,1080
325,Laptop Dell Vostro 3520 (i5 1135G7 16GB RAM/512GB SSD/15.6 inch FHD 120Hz/Ubuntu/Đen) (NK_Bảo hành tại HACOM)	,Dell,Intel,i5,16,16,intel,SSD,512,Ubuntu,15.6,FHD,41.0,1,1.83,13399000,1920x1080,1920,1080
326,Laptop Dell Latitude 3520 (71004153) (i5 1135G7 8GB RAM/256GB SSD/15.6 inch FHD/Ubuntu/Đen) 	,Dell,Intel,i5,8,64,intel,SSD,256,Ubuntu,15.6,FHD,41.0,1,1.79,14799000,1920x1080,1920,1080
327,Laptop Asus X1402ZA-MW357W (i5 1240P/8GB RAM/256GB SSD/14 FHD Cảm ứng/Win11/Bạc),Asus,Intel,i5,8,40,intel,SSD,256,Windows 11,14.0,FHD,42.0,1,1.50 ,15299000,1920x1080,1920,1080
328,Laptop Dell Vostro 15 3530 (80GG91) (i7 1355U 16GB RAM/512GB SSD/MX550 2G/15.6 inch FHD 120Hz/Win11/OfficeHS21/Xám),Dell,Intel,i7,16,16,nvidia,SSD,512,Windows 11,15.6,FHD,54.0,1,1.65,24049000,1920x1080,1920,1080
329,Laptop Lenovo Thinkpad T14S Gen 2 (20WM01SXVA) (i5 1135G7/16GB RAM/512GB SSD/14 FHD/Dos/Đen),Lenovo,Intel,i5,16,16,intel,SSD,512,No OS,14,FHD,57.0,1,1.36 ,20799000,1920x1080,1920,1080
330,Laptop Dell Vostro 3430 (V3430-i7U165W11GRD2) (i7 1355U 16GB/512GB SSD/MX550 2G/14.0FHD/Win11/OfficeHS21/Xám),Dell,Intel,i7,16,16,nvidia,SSD,512,Windows 11,14.0,FHD,41.0,1,1.44,24349000,1920x1080,1920,1080
331,Laptop Dell Inspiron 3530 (71014840) (i5 1335U 8GB RAM/512GB SSD/MX550 2G/15.6 inch FHD 120Hz/Win11/OfficeHS21/Bạc),Dell,Intel,i5,8,16,nvidia,SSD,512,Windows 11,15.6,FHD,41.0,1,1.65,18899000,1920x1080,1920,1080
332,Laptop Dell Inspiron 3520 (i5 1135G7 8GB RAM/256GB SSD/15.6FHD Cảm ứng/Win11/Đen) (NK_Bảo hành tại HACOM),Dell,Intel,i5,8,16,intel,SSD,256,Windows 11,15.6,FHD,41.0,1,1.83,12699000,1920x1080,1920,1080
333,LAPTOP ACER SWIFT 3 SF314-511-55QE CHUẨN INTEL EVO (NX.ABNSV.003) (I5-1135G7/16GBRAM/512GB SSD/14.0 INCH FHD IPS/WIN11/BẠC/VỎ NHÔM),Acer ,Intel,i5,16,16,intel,SSD,512,Windows 11,15.6,FHD,56.0,1,1.19,14599000,1920x1080,1920,1080
334,"Laptop Dell Vostro 3430 (71015715) (i3 1305U 8GB RAM/256GB SSD/ 14"" FHD/Win11/OfficeHS21/Xám)",Dell,Intel,i3,8,16,intel,SSD,256,Windows 11,14.0,FHD,41.0,1,1.44,12099000,1920x1080,1920,1080
335,Laptop Lenovo Thinkpad E14 Gen 5 (21JK0069VA) (i5 1335U/16GB RAM/512GB SSD/14.0 WUXGA/Dos/ Đen),Lenovo,Intel,i5,16,40,intel,SSD,512,Dos,14,WUXGA,47.0,1,1.53 ,19599000,1920x1200,1920,1200
336,Laptop Dell Vostro 16 5630 (THT7N) (i7 1360P 16GB RAM/512GB SSD/ RTX 2050 4G/16.0 inch FHD+/ Win11/Office HS21/Xám/Vỏ nhôm),Dell,Intel,i7,16,16,nvidia,SSD,512,Windows 11,16.0,FHD,54.0,1,1.9,28349000,1920x1200,1920,1200
337,Laptop Asus VivoBook F415EA-AS31 (i3 1115G4/4GB RAM/128GB SSD/14 FHD/Win11/Xám)(NK_Bảo hành tại HACOM),Asus,Intel,i3,4,16,intel,SSD,128,Windows 10,15.6,FHD,37.0,1,1.7,7499000,1920x1080,1920,1080
338,Laptop Dell Inspiron 3520 (71003262) (i7 1255U 8GB RAM/512GB SSD/15.6 inch FHD/Win11/OfficeHS21/Đen),Dell,Intel,i7,8,16,intel,SSD,512,Windows 11,15.6,FHD,54.0,1,1.65,18649000,1920x1080,1920,1080
339,Laptop Asus ZenBook S UX5304VA-NQ126W (i7 1355U/32GB RAM/1TB SSD/13.3 2.8K Oled/Win11/Cáp/Túi/Xám),Asus,Intel,i7,31,16,intel,SSD,1024,Windows 11,14.0,FHD,63.0,0,1.00 ,37349000,1920x1080,1920,1080
340,Laptop Acer Swift X SFX14-71G-78SY (NX.KEVSV.006) (i7-13700H/32GB/ 1TB SSD/RTX4050 6GB/14 inch 2.8K OLED 120Hz/Win11/Xám) ,Acer,Intel,i7,32,32,nvidia,SSD,1024,Windows 11,14.5,FHD,76.0,1,1.5,42349000,2880x1800,2880,1800
341,Laptop Asus ZenBook UX3402VA-KM068W (i7 1360P/16GB RAM/512GB SSD/14 Oled/Win11/Cáp/Túi/Xanh),Asus,Intel,i7,16,16,intel,SSD,512,Windows 11,14,FHD,75.0,1,1.10 ,26349000,2880x1800,2880,1800
342,Laptop Dell Vostro 3520 (Intel Core i7-1255U/8GB RAM/512GB SSD/MX550 2GB/15.6 inch FHD 120Hz/Dos/Xám) (NK_Bảo hành tại HACOM),Dell,Intel,i7,8,16,nvidia,SSD,512,Windows 11,15.6,FHD,41.0,1,1.66,17849000,1920x1080,1920,1080
343,Laptop Asus ZenBook S UX5304VA-NQ125W (i7 1355U/16GB RAM/512GB SSD/13.3 2.8K Oled/Win11/Cáp/Túi/Xám),Asus,Intel,i7,16,16,intel,SSD,512,Windows 11,14.0,FHD,63.0,0,1.00 ,32349000,1920x1080,1920,1080
344,Laptop Lenovo IdeaPad Slim 5 14ILR8 (82XD002VVN) (i5 13500H/16GB RAM/512GB SSD/14 WUXGA OLED/Win11/Xám),Lenovo,Intel,i5,16,16,intel,SSD,512,Windows 11,14,WUXGA,56.6,1,1.46 ,17799000,1920x1200,1920,1200
345,Laptop Asus ZenBook UX3402VA-KM085W (i5 1340P/16GB RAM/512GB SSD/14 Oled/Win11/Cáp/Túi/Xanh),Asus,Intel,i5,16,16,intel,SSD,512,Windows 11,14.0,FHD,75.0,1,1.39 ,22799000,2880x1800,2880,1800
346,Laptop Dell Inspiron 14 7430 (T7430-i7U165W11SLU) (i7 1355U/16GB RAM/512GB SSD/14.0 inch FHD+ /Cảm ứng/Bút/Win11/Office HS21/Bạc),Dell,Intel,i7,16,16,intel,SSD,512,Windows 11,14.0,FHD,54.0,1,1.58,27649000,1920x1200,1920,1200
347,Laptop Lenovo IdeaPad Slim 5 14ILR8 (82XD008LVNN) (i5 13500H/16GB RAM/1TB SSD/14 WUXGA Oled/Win11/Xám),Lenovo,Intel,i5,16,16,intel,SSD,1024,Windows 11,14,WUXGA,56.6,1,1.46 ,18799000,1920x1200,1920,1200
348,Laptop Lenovo V15 Gen 4 (83A1000RVN) (i5 1335U/8GB RAM/512GB SSD/15.6 FHD/Win11/Xám),Lenovo,Intel,i5,8,16,intel,SSD,512,Windows 11,15.6,FHD,45.0,1,1.65 ,13299000,1920x1080,1920,1080
349,Laptop Lenovo Thinkpad E16 Gen 1 (21JN006AVA) (i7 1355U/16GB RAM/512GB SSD/16 WUXGA/Dos/ Đen),Lenovo,Intel,i7,8,40,intel,SSD,512,Windows 11,16,WUXGA,47.0,1,1.81 ,22849000,1920x1200,1920,1200
350,Laptop Asus VivoBook X1504ZA-NJ517W (i5 1235U/16GB RAM/512GB SSD/15.6 FHD/Win11/Bạc),Asus,Intel,i5,8,8,intel,SSD,512,Windows 11,15.6,FHD,42.0,1,1.70,14799000,1920x1080,1920,1080
351,Laptop Asus ZenBook UX3405MA-PP588W (Ultra 5 125H/16GB RAM/512GB SSD/14 3K/Win11/Túi/Bạc),Asus,Intel,i5,16,16,intel,SSD,512,Windows 11,14.0,FHD,75.0,1,1.20,27299000,2880x1800,2880,1800
352,Laptop Lenovo Thinkpad E16 Gen 1 (21JN006GVN) (i7 1355U/16GB RAM/512GB SSD/16 WUXGA/Win11/Đen),Lenovo,Intel,i7,16,40,intel,SSD,512,Windows 11,16,WUXGA,47.0,1,1.81 ,22949000,1920x1200,1920,1200
353,Laptop Acer Swift 3 Super SF314-71-74WD (NX.KAWSV.001) (i7-12700H/16GB RAM/1TB SSD/14.0 inch 2.8K OLED/Win11/Vàng/vỏ nhôm) ,Acer,Intel,i7,16,16,intel,SSD,1024,Windows 11,14,FHD,57.0,1,1.4,32349000,2880x1800,2880,1800
354,Laptop HP Pavilion 14-dv2073TU(7C0P2PA) (i5 1235U/16GB RAM/512GB SSD/14 FHD/Win11/Vàng),HP,Intel,i5,16,16,intel,SSD,512,Windows 11,14.0,FHD,41.0,1,1.6 ,16999000,1920x1080,1920,1080
355,Laptop Acer Swift 3 EVO SF314-512-741L (NX.K7JSV.001) (i7-1260P/16GB RAM/1TB SSD/14.0 inch QHD/Win11/Vàng/vỏ nhôm) ,Acer,Intel,i7,16,16,intel,SSD,1024,Windows 11,14,QHD,56.0,1,1.2,26349000,2560x1440,2560,1440
356,Laptop Dell Latitude 3540 (71021487) (i5-1335U/8GB RAM/256GB SSD/15.6 inch FHD/ Fedora/Xám),Dell,Intel,i5,8,16,intel,SSD,512,Fedora,15.6,FHD,42.0,1,1.86 ,15499000,1920x1080,1920,1080
357,Laptop Dell Vostro 15 3530 (V3530-i7U085W11GRD2) (i7 1355U 8GB RAM/512GB SSD/MX550 2G/15.6 inch FHD 120Hz/Win11/OfficeHS21/Xám),Dell,Intel,i7,8,16,nvidia,SSD,512,Windows 11,15.6,FHD,54.0,1,1.65,21699000,1920x1080,1920,1080
358,Laptop Dell Inspiron 3530 (71011775) (i7 1355U 8GB RAM/512GB SSD/ 15.6 inch FHD 120Hz/Win11/OfficeHS21/Đen),Dell,Intel,i7,8,16,intel,SSD,512,Windows 11,15.6,FHD,41.0,1,1.65,18249000,1920x1080,1920,1080
359,Laptop Dell Vostro 3520 (Y4G15) (i7-1255U/8GB RAM/512GB SSD/MX550 2GB/15.6 inch FHD 120Hz/Dos/Đen) (NK_Bảo hành tại HACOM),Dell,Intel,i7,8,16,nvidia,SSD,512,Dos,15.6,FHD,41.0,1,1.66,18649000,1920x1080,1920,1080
360,Laptop Lenovo ThinkBook 15 G4 (21DJ00GUVN) (i5 1235U/8GB RAM/256GB SSD/15.6 FHD/Dos/Xám),Lenovo,Intel,i5,8,40,intel,SSD,256,No OS,15.6,FHD,45.0,1,1.7,16299000,1920x1080,1920,1080
361,Laptop Dell Vostro 3520 (i3 1215U 8GB/512GB SSD/15.6 inch FHD 120Hz/Dos/Đen) (NK_Bảo hành tại HACOM),Dell,Intel,i3,8,16,intel,SSD,512,Dos,15.6,FHD,41.0,1,1.66,9699000,1920x1080,1920,1080
362,Laptop Lenovo ThinkBook 15 G4 (21DJ00CWVN) (i7 1255U/8GB RAM/512GB SSD/15.6 FHD/Win11/Xám),Lenovo,Intel,i7,8,40,intel,SSD,512,No OS,15.6,FHD,45.0,1,1.7,17349000,1920x1080,1920,1080
363,Laptop Dell Vostro 3520 (P112F007) (i7-1255U/16GB/512GB SSD/15.6 inch FHD 120Hz/Dos/Đen) (NK_Bảo hành tại HACOM),Dell,Intel,i7,16,16,intel,SSD,512,Dos,15.6,FHD,41.0,1,1.83,16949000,1920x1080,1920,1080
364,Laptop Dell Vostro 15 3530 (80GG92) (i3 1305U 8GB RAM/256GB SSD/15.6 inch FHD 120Hz/Win11/OfficeHS21/Xám),Dell,Intel,i3,8,16,intel,SSD,256,Windows 11,15.6,FHD,41.0,1,1.65,12099000,1920x1080,1920,1080
365,Laptop Dell Vostro 3520 (F0V0V A02) (i5-1235U/16GB RAM/512GB SSD/15.6 inch FHD 120Hz/Dos/Đen) (NK_Bảo hành tại HACOM),Dell,Intel,i5,16,16,intel,SSD,512,Dos,15.6,FHD,41.0,1,1.83,13299000,1920x1080,1920,1080
366,Laptop Dell Inspiron 3520 (71027003) (i5 1235U 8GB RAM/512GB SSD/15.6 inch FHD/Win11/OfficeHS21/Đen)	,Dell,Intel,i5,8,16,intel,SSD,512,Windows 11,15.6,FHD,41.0,1,1.65,14399000,1920x1080,1920,1080
367, Laptop Dell Inspiron 3520 (25P231) (i5 1235U 16GB RAM/512GB SSD/15.6 inch FHD 120Hz/Win11/OfficeHS21/Đen),Dell,Intel,i5,16,16,intel,SSD,512,Windows 11,15.6,FHD,41.0,1,1.65,15499000,1920x1080,1920,1080
368,Laptop Dell Inspiron 14 5430 (N5430-i5P165W11SL2050) (i5 1340P/16GB RAM/512GB SSD/RTX 2050 4G/14.0 inch 2.5K/Win11/Office HS21/Bạc/Vỏ nhôm),Dell,Intel,i5,16,16,nvidia,SSD,512,Windows 11,14.0,2.5K,54.0,1,1.53,27099000,2560x1600,2560,1600
369,Laptop Dell Vostro 15 3530 (V5I3465W1) (i3 1305U 8GB/512GB SSD/15.6FHD 120Hz/Win11/OfficeHS21/Xám) ,Dell,Intel,i3,8,16,intel,SSD,512,Windows 11,15.6,FHD,41.0,1,1.65,12499000,1920x1080,1920,1080
370,Laptop Dell Inspiron 3530 (N3530-i3U085W11BLU) (i3 1305U 8GB RAM/512GB SSD/15.6 inch FHD 120Hz/Win11/OfficeHS21/Đen),Dell,Intel,i3,8,32,intel,SSD,512,Windows 11,15.6,FHD,41.0,1,1.65,12499000,1920x1080,1920,1080
371,Laptop HP Pavilion 14-dv2075TU(7C0W2PA) (i5 1235U/8GB RAM/512GB SSD/14 FHD/Win11/Bạc),HP,Intel,i5,8,16,intel,SSD,512,Windows 11,14.0,FHD,41.0,1,1.6 ,16099000,1920x1080,1920,1080
372,Laptop Dell Inspiron 3520 (N3520-i5U085W11BLU) (i5 1235U 8GB RAM/512GB SSD/15.6 inch FHD/Win11/OfficeHS21/Đen),Dell,Intel,i5,8,16,intel,SSD,512,Windows 11,15.6,FHD,41.0,1,1.65,14299000,1920x1080,1920,1080
373,Laptop HP 14-dq5121TU (8W355PA) (i3 1215U/8GB RAM/512GB SSD/14 FHD/Win11/Bạc),HP,Intel,i3,4,16,intel,SSD,512,Windows 11,14.0,FHD,41.04,1,1.40 ,11099000,1920x1080,1920,1080
374,Laptop HP Pavilion 15-eg3111TU (8U6L8PA) (i5 1335U/16GB RAM/512GB SSD/15.6 FHD/Win11/Bạc),HP,Intel,i5,16,16,intel,SSD,512,Windows 11,15.6,FHD,41.04,1,1.68 ,19599000,1920x1080,1920,1080
375,Laptop HP Pavilion X360 14-ek1049TU (80R27PA) (i5 1335U/16GB RAM/512GB SSD/14 FHD Cảm ứng/Bút/Win11/Vàng),HP,Intel,i5,16,16,intel,SSD,512,Windows 11,14.0,FHD,43.3,1,1.53 ,22299000,1920x1080,1920,1080
376,Laptop Dell Vostro 15 3530 (80GG9) (i5 1335U 8GB RAM/512GB SSD/15.6 inch FHD 120Hz/Win11/OfficeHS21/Xám),Dell,Intel,i5,8,16,intel,SSD,512,Windows 11,15.6,FHD,41.0,1,1.65,16599000,1920x1080,1920,1080
377,Laptop HP Elitebook 630 G9 (6M145PA) (i7 1255U/8GB RAM/512GB SSD/13.3 FHD/Win11/Bạc),HP,Intel,i7,8,16,intel,SSD,512,Windows 11,13.3,FHD,42.0,1,1.28 ,20349000,1920x1080,1920,1080
378,Laptop HP 15s-fq5160TU (7C0S1PA) (i5 1235U/16GB RAM/512GB SSD/15.6 FHD/Win 11/Bạc),HP,Intel,i5,16,64,intel,SSD,512,Windows 11,15.6,FHD,41.0,1,1.69 ,16299000,1920x1080,1920,1080
379,Laptop HP 15-fd0081TU (8D734PA) (i5 1335U/8GB RAM/512GB SSD/15.6 FHD/Win11/Bạc),HP,Intel,i5,8,16,intel,SSD,512,Windows 11,15.6,FHD,41.0,1,1.59 ,16499000,1920x1080,1920,1080
380,Laptop HP 15-fd0079TU (8D732PA) (i5 1335U/16GB RAM/512GB SSD/15.6 FHD/Win11/Bạc),HP,Intel,i5,16,16,intel,SSD,512,Windows 11,15.6,FHD,41.0,1,1.59 ,17299000,1920x1080,1920,1080
381,Laptop HP Pavilion 15-eg3033TX (8U6L6PA) (i5 1335U/16GB RAM/512GB SSD/15.6 FHD/MX550 2GB/Win11/Vàng),HP,Intel,i5,16,16,intel,SSD,512,Windows 11,15.6,FHD,41.04,1,1.74 ,20899000,1920x1080,1920,1080
382,Laptop HP Pavilion 15-eg3035TX (8U6L7PA) (i7 1355U/16GB RAM/512GB SSD/15.6 FHD/MX550 2GB/Win11/Vàng),HP,Intel,i7,16,16,intel,SSD,512,Windows 11,15.6,FHD,41.04,1,1.74 ,24449000,1920x1080,1920,1080
383,Laptop Asus X1504VA-NJ069W (i3 1315U/8GB RAM/512GB SSD/15.6 FHD/Win11/Bạc),Asus,Intel,i3,8,16,intel,SSD,512,Windows 11,15.6,FHD,42.0,1,1.70 ,10499000,1920x1080,1920,1080
384,Asus Vivobook 15 OLED A1505VA - L1114W (i5 13500H/16GB RAM/512GB SSD/15.6 Oled/Win11/Đen),Asus,Intel,i5,16,16,intel,SSD,512,Windows 11,15.6,FHD,50.0,1,1.70 ,17599000,1920x1080,1920,1080
385,Laptop HP Pavilion 15-eg3093TU (8C5L4PA) (i5 1335U/16GB RAM/512GB SSD/15.6 FHD/Win11/Vàng),HP,Intel,i5,16,16,intel,SSD,512,Windows 11,15.6,FHD,41.04,1,1.68 ,19599000,1920x1080,1920,1080
386,Laptop HP 15-fd0083TU (8D736PA) (i7 1355U/16GB RAM/512GB SSD/15.6 FHD/Win11/Bạc),HP,Intel,i7,16,16,intel,SSD,512,Windows 11,15.6,FHD,41.0,1,1.59 ,20249000,1920x1080,1920,1080
387,Laptop HP Pavilion 15-eg3095TU (8C5L6PA) (i5 1335U/8GB RAM/512GB SSD/15.6 FHD/Win11/Bạc),HP,Intel,i5,4,16,intel,SSD,512,Windows 11,15.6,FHD,41.04,1,1.68 ,18499000,1920x1080,1920,1080
388,Laptop Acer Aspire 7 A715-76-53PJ (NH.QGESV.007) (i5 12450H/16GB RAM/512GB SSD/15.6 inch FHD/Win11/Đen),Acer,Intel,i5,16,16,intel,SSD,512,Windows 11,15.6,FHD,50.0,1,2.1,15299000,1920x1080,1920,1080
389,Laptop Apple Macbook Air 13 (MGND3SA/A) (Apple M1/8GB RAM/256GB SSD/13.3 inch IPS/Mac OS/Vàng) (NEW),Dell,Apple,M1,8,16,apple,SSD,256,Mac OS,13.3,FHD,49.9,1,1.29 ,18799000,2560x1600,2560,1600
